group,group_label,family,mode,model,l2_means,l2_stds,r2_means,r2_stds,r2_pairwise_feat_corrs,l2_pairwise_feat_corrs,mmd,enrichment_k50,enrichment_k100
t1,CD8,T cell,ood,IMPACT,0.845635,0.817535,0.840707,0.71419,0.347241,8.17411,0.02211,0.470275,0.451076
t1,CD8,T cell,ood,CellOT,1.157396,0.874374,0.711794,0.62395,0.241755,10.377738,0.03225,0.73142,0.611667
t1,CD8,T cell,iid,IMPACT,0.795046,0.604472,0.866992,0.490429,0.355016,8.109137,0.021868,0.557025,0.514557
t1,CD8,T cell,iid,CellOT,0.654725,0.461089,0.90944,0.672882,0.516926,6.515325,0.01587,0.51398,0.506646
t2,CD8 + thymocyte,T cell,ood,IMPACT,1.182791,1.035007,0.828993,0.485441,0.513401,7.486084,0.020226,0.556224,0.483484
t2,CD8 + thymocyte,T cell,ood,CellOT,2.553469,2.228898,0.680587,0.240979,0.391612,9.717698,0.052007,0.60236,0.515512
t2,CD8 + thymocyte,T cell,iid,IMPACT,1.179017,0.752735,0.843492,0.519661,0.508517,6.843484,0.018274,0.610712,0.55252
t2,CD8 + thymocyte,T cell,iid,CellOT,0.986342,1.2217,0.916694,0.526407,0.523644,7.07123,0.012288,0.527824,0.490932
t3,All T cell subtypes,T cell,ood,IMPACT,1.353339,1.031045,0.796625,0.77855,0.464352,7.211934,0.023287,0.58888,0.525176
t3,All T cell subtypes,T cell,ood,CellOT,2.099478,1.731454,0.727706,0.732651,0.415324,8.503144,0.040693,0.55656,0.474708
t3,All T cell subtypes,T cell,iid,IMPACT,0.965023,0.795488,0.871593,0.412361,0.424092,6.897806,0.014596,0.57296,0.51796
t3,All T cell subtypes,T cell,iid,CellOT,1.013356,1.537064,0.883339,0.266042,0.32872,9.3959,0.013035,0.535008,0.491668
t4,CD4,T cell,ood,IMPACT,1.101843,0.90026,0.772107,0.645699,0.220117,10.71941,0.049496,0.437126,0.437126
t4,CD4,T cell,ood,CellOT,1.799357,1.107429,0.413785,0.39427,0.06186,15.14315,0.079624,0.628966,0.628966
t4,CD4,T cell,iid,IMPACT,1.126356,0.814493,0.758897,0.241045,0.225598,10.790649,0.048978,0.45954,0.45954
t4,CD4,T cell,iid,CellOT,0.880267,0.813669,0.795439,0.11119,0.163819,12.598019,0.045297,0.536322,0.536322
m1,Non-classical monocyte,Monocyte,ood,IMPACT,1.200333,0.644675,0.731005,0.858147,0.380281,8.029392,0.035698,0.66412,0.58702
m1,Non-classical monocyte,Monocyte,ood,CellOT,1.424994,1.415301,0.594597,0.803826,0.264667,8.697595,0.055014,0.83692,0.775848
m1,Non-classical monocyte,Monocyte,iid,IMPACT,1.088181,0.652787,0.789612,0.895808,0.454485,7.186683,0.031727,0.63762,0.57903
m1,Non-classical monocyte,Monocyte,iid,CellOT,0.523896,0.851668,0.949088,0.919699,0.466767,6.957794,0.019202,0.65822,0.624232
m2,Non-classical + generic,Monocyte,ood,IMPACT,1.055389,0.454635,0.751238,0.84573,0.468489,7.358693,0.031043,0.59086,0.542525
m2,Non-classical + generic,Monocyte,ood,CellOT,1.149854,1.515622,0.679793,0.57596,0.255392,10.2336,0.09006,0.89172,0.806424
m2,Non-classical + generic,Monocyte,iid,IMPACT,1.067857,0.614699,0.821002,0.872546,0.38076,7.676871,0.027409,0.58224,0.546525
m2,Non-classical + generic,Monocyte,iid,CellOT,0.6137,0.82257,0.944459,0.898178,0.291385,8.423112,0.019225,0.65512,0.602545
m3,All monocyte subtypes,Monocyte,ood,IMPACT,1.447911,0.402931,0.640631,0.912055,0.490779,6.676651,0.031707,0.800896,0.739186
m3,All monocyte subtypes,Monocyte,ood,CellOT,1.563782,1.545263,0.458083,0.886014,0.342841,8.488043,0.09705,0.945696,0.941676
m3,All monocyte subtypes,Monocyte,iid,IMPACT,1.023447,0.416814,0.823603,0.83525,0.60755,5.630429,0.024258,0.771812,0.69917
m3,All monocyte subtypes,Monocyte,iid,CellOT,0.441493,0.505499,0.971502,0.898641,0.704964,4.852327,0.007741,0.697564,0.664568
m4,Classical monocyte,Monocyte,ood,IMPACT,1.169829,0.694051,0.713876,0.415869,0.21426,10.495176,0.050631,0.513908,0.513908
m4,Classical monocyte,Monocyte,ood,CellOT,2.467979,0.747243,0.493506,0.27626,0.122227,12.598354,0.110911,0.642644,0.642644
m4,Classical monocyte,Monocyte,iid,IMPACT,1.386393,0.800447,0.678625,0.555473,0.131532,11.599608,0.056322,0.520115,0.520115
m4,Classical monocyte,Monocyte,iid,CellOT,1.256862,0.815428,0.774933,0.492144,0.146005,12.396157,0.057889,0.50046,0.50046
t1,CD8,T cell,ood,scGen,1.796072,,0.644644,0.787549,,,0.087178,,
t1,CD8,T cell,iid,scGen,1.915272,,0.710335,0.424454,,,0.088268,,
t2,CD8 + thymocyte,T cell,ood,scGen,4.134425,,0.587175,0.5205,,,0.125414,,
t2,CD8 + thymocyte,T cell,iid,scGen,4.149056,,0.669222,0.533294,,,0.124694,,
t3,All T cell subtypes,T cell,ood,scGen,3.911505,,0.582225,0.721422,,,0.125574,,
t3,All T cell subtypes,T cell,iid,scGen,3.941531,,0.562486,0.555599,,,0.113434,,
t4,CD4,T cell,ood,scGen,3.274687,,0.335961,0.561553,,,0.132443,,
t4,CD4,T cell,iid,scGen,3.963133,,0.39101,0.083184,,,0.154085,,
m1,Non-classical monocyte,Monocyte,ood,scGen,3.040891,,0.427263,0.819427,,,0.088925,,
m1,Non-classical monocyte,Monocyte,iid,scGen,2.516808,,0.444608,0.856047,,,0.080721,,
m2,Non-classical + generic,Monocyte,ood,scGen,2.359582,,0.439477,0.884174,,,0.091578,,
m2,Non-classical + generic,Monocyte,iid,scGen,3.014762,,0.468073,0.820025,,,0.074897,,
m3,All monocyte subtypes,Monocyte,ood,scGen,3.170725,,0.351794,0.901636,,,0.092512,,
m3,All monocyte subtypes,Monocyte,iid,scGen,2.350752,,0.640224,0.785282,,,0.082288,,
m4,Classical monocyte,Monocyte,ood,scGen,2.902823,,0.410442,0.380745,,,0.116933,,
m4,Classical monocyte,Monocyte,iid,scGen,3.016482,,0.451603,0.471794,,,0.113478,,
