,donor_id,assay,tech,spatial_cluster,dist_umap_proj,knn1_pca_dist
TSP14_Lung_distal_SS2_B134542_D101264_Immune_M2,TSP14,Smart-seq2,Smart-seq2,A_smartseq2_left,4.818479901406979,8.686308860778809
TSP1_Lung_MedialDistal_SS2_B107811_B107811Blue_Immune_D5,TSP1,Smart-seq2,Smart-seq2,A_smartseq2_left,4.648641073555776,9.295427322387695
TSP2_Lung_proxmedialdistal_10X_1_2_GTGCTGGCATACTGTG,TSP2,10x 3' v3,10x,B_tsp2_bottom_right_tail,10.134336757447128,5.588472843170166
TSP14_Lung_proximal_SS2_B134631_D101271_Stromal_K2,TSP14,Smart-seq2,Smart-seq2,A_smartseq2_left,4.809698879736251,7.948391437530518
TSP1_Lung_MedialDistal_SS2_B107811_B107811Blue_Immune_M12,TSP1,Smart-seq2,Smart-seq2,A_smartseq2_left,4.688766985641778,8.633620262145996
TSP2_Lung_proxmedialdistal_10X_1_1_TGCCGAGTCTCCGCAT,TSP2,10x 3' v3,10x,B_tsp2_bottom_right_tail,10.149061410219469,7.17744779586792
TSP14_Lung_distal_SS2_B134542_D101264_Immune_M15,TSP14,Smart-seq2,Smart-seq2,A_smartseq2_left,4.827351582287227,7.972907066345215
TSP2_Lung_proxmedialdistal_10X_1_2_CACGTGGCACTCCCTA,TSP2,10x 3' v3,10x,B_tsp2_bottom_right_tail,10.167525745631988,7.234536170959473
TSP2_Lung_proxmedialdistal_10X_1_1_CAGGGCTAGGTTTACC,TSP2,10x 3' v3,10x,B_tsp2_bottom_right_tail,10.399585099809116,8.705378532409668
TSP2_Lung_proxmedialdistal_10X_1_1_CGAGGAACATCTCAAG,TSP2,10x 3' v3,10x,B_tsp2_bottom_right_tail,10.15607094113939,8.312183380126953
TSP2_Lung_proxmedialdistal_10X_1_1_TCAGTCCTCCTGTTAT,TSP2,10x 3' v3,10x,C_tsp2_top_outlier,6.544489629683014,5.714282512664795
TSP1_Lung_Proximal_SS2_B107810_B107810Blue_Immune_F3,TSP1,Smart-seq2,Smart-seq2,A_smartseq2_left,4.738381144710582,7.740971565246582
TSP1_Lung_MedialDistal_SS2_B107811_B107811Blue_Immune_K2,TSP1,Smart-seq2,Smart-seq2,A_smartseq2_left,4.707931948827818,5.963281631469727
TSP2_Lung_proxmedialdistal_10X_1_2_AGAGAATCAATTAGGA,TSP2,10x 3' v3,10x,C_tsp2_top_outlier,7.401537142702464,6.910062789916992
TSP1_Lung_MedialDistal_SS2_B107811_B107811Blue_Immune_L8,TSP1,Smart-seq2,Smart-seq2,A_smartseq2_left,4.726605246612858,7.032299995422363
TSP2_Lung_proxmedialdistal_10X_1_2_TTCTTGAAGAATACAC,TSP2,10x 3' v3,10x,B_tsp2_bottom_right_tail,10.196915801970038,5.718679428100586
TSP1_Lung_Proximal_SS2_B107810_B107810Blue_Immune_K12,TSP1,Smart-seq2,Smart-seq2,A_smartseq2_left,4.729127308886907,6.806315898895264
TSP1_Lung_MedialDistal_SS2_B107811_B107811Blue_Immune_M8,TSP1,Smart-seq2,Smart-seq2,A_smartseq2_left,4.662291644689623,9.825042724609377
TSP2_Lung_proxmedialdistal_10X_1_2_GGCTTGGGTGTATTGC,TSP2,10x 3' v3,10x,C_tsp2_top_outlier,13.210728906367343,7.605428218841553
TSP2_Lung_proxmedialdistal_10X_1_1_CATCGGGTCCATTGGA,TSP2,10x 3' v3,10x,B_tsp2_bottom_right_tail,9.26137559372268,7.423779010772705
TSP1_Lung_MedialDistal_SS2_B107811_B107811Blue_Immune_C5,TSP1,Smart-seq2,Smart-seq2,A_smartseq2_left,4.706236176208876,10.28855037689209
TSP2_Lung_proxmedialdistal_10X_1_2_AGACAAAGTGTTTACG,TSP2,10x 3' v3,10x,D_10x_misc_edge,4.980589783272023,9.980319023132324
TSP1_Lung_MedialDistal_SS2_B107811_B107811Blue_Immune_F11,TSP1,Smart-seq2,Smart-seq2,A_smartseq2_left,4.661437199560136,10.262295722961426
TSP2_Lung_proxmedialdistal_10X_1_1_GATTGGTCATGTCAGT,TSP2,10x 3' v3,10x,B_tsp2_bottom_right_tail,8.937735486186353,11.796534538269045
TSP14_Lung_distal_SS2_B134542_D101264_Immune_M18,TSP14,Smart-seq2,Smart-seq2,A_smartseq2_left,4.675846740856883,8.859487533569336
TSP2_Lung_proxmedialdistal_10X_1_2_ACTCTCGAGTAGGAAG,TSP2,10x 3' v3,10x,B_tsp2_bottom_right_tail,10.149125865909774,6.942284107208252
TSP14_Lung_distal_SS2_B134543_D101269_Immune_N8,TSP14,Smart-seq2,Smart-seq2,A_smartseq2_left,5.662436187474923,8.423733711242676
TSP2_Lung_proxmedialdistal_10X_1_2_TGTTGGAAGTATAACG,TSP2,10x 3' v3,10x,B_tsp2_bottom_right_tail,10.169350200119924,7.55538272857666
TSP2_Lung_proxmedialdistal_10X_1_1_AGACAAAAGTAATTGG,TSP2,10x 3' v3,10x,B_tsp2_bottom_right_tail,10.146156442373078,8.678739547729492
TSP1_Lung_MedialDistal_SS2_B107811_B107811Blue_Immune_H3,TSP1,Smart-seq2,Smart-seq2,A_smartseq2_left,4.707872496962782,6.8797807693481445
TSP14_Lung_proximal_SS2_B134631_D101271_Epithelial_C13,TSP14,Smart-seq2,Smart-seq2,A_smartseq2_left,4.825707851901917,8.258068084716797
