,cell_type,cell_type_ontology_term_id,condition,donor_id,species,tissue,tissue_ontology_term_id,transport,split,umap1_proj,umap2_proj,umap1_iso,umap2_iso,dist_umap_proj,dist_pca_holdout,knn1_pca_dist,knn1_atlas_species,edge_umap_top15pct,edge_pca_top15pct,assay,tech,edge_either,dataset
TSP2_Lung_proxmedialdistal_10X_1_2_GTTACCCTCATTTGGG,non-classical monocyte,CL:0000875,human,TSP2,human,lung,UBERON:0002048,target,ood,18.31398302758144,4.511754683148797,8.909417,12.6094675,0.8953850207468627,7.484709,5.892129421234131,human,False,False,10x 3' v3,10x,False,m1_v07
TSP2_Lung_proxmedialdistal_10X_1_2_TCGAACAAGAACAAGG,non-classical monocyte,CL:0000875,human,TSP2,human,lung,UBERON:0002048,target,ood,20.55426192014279,1.3573448458974893,7.1533675,12.048008,4.079648407712174,10.601799,9.312819480895996,human,False,False,10x 3' v3,10x,False,m1_v07
TSP14_Lung_proximal_SS2_B134631_D101271_Epithelial_B15,non-classical monocyte,CL:0000875,human,TSP14,human,lung,UBERON:0002048,target,ood,14.484136601867542,2.6976726372876536,8.684451,7.9981413,3.3437321479040323,13.46926,9.921777725219727,human,False,False,Smart-seq2,Smart-seq2,False,m1_v07
TSP2_Lung_proxmedialdistal_10X_1_2_TTGCTGCGTACGAGCA,non-classical monocyte,CL:0000875,human,TSP2,human,lung,UBERON:0002048,target,ood,17.92078957653283,4.797498151331903,9.928171,12.002578,0.8114794039918609,7.3782163,4.978321075439453,human,False,False,10x 3' v3,10x,False,m1_v07
TSP2_Lung_proxmedialdistal_10X_1_2_CCTCACATCATTGCTT,non-classical monocyte,CL:0000875,human,TSP2,human,lung,UBERON:0002048,target,ood,18.045149821742562,5.879024063269865,7.068209,14.816112,1.8638516117235433,16.107746,11.874476432800293,human,False,True,10x 3' v3,10x,True,m1_v07
TSP2_Lung_proxmedialdistal_10X_1_2_TGTCCCACACAGTACT,non-classical monocyte,CL:0000875,human,TSP2,human,lung,UBERON:0002048,target,ood,18.214196532987067,4.5915508597195105,7.604015,12.23598,0.8531619720472571,7.0764384,4.454464435577393,human,False,False,10x 3' v3,10x,False,m1_v07
TSP1_Lung_Medial_10X3primev31_1_1_GTCTTTACAGTCAACT,non-classical monocyte,CL:0000875,human,TSP1,human,lung,UBERON:0002048,target,ood,17.99272805983006,5.273455378439263,11.064237,9.233412,1.2733039070946697,8.988262,6.50718879699707,human,False,False,10x 3' v3,10x,False,m1_v07
TSP2_Lung_proxmedialdistal_10X_1_1_TCCCAGTGTGAATTAG,non-classical monocyte,CL:0000875,human,TSP2,human,lung,UBERON:0002048,target,ood,18.35006550643641,4.9003791599551905,7.627605,11.121509,1.1572877703139097,6.498126,5.065383434295654,human,False,False,10x 3' v3,10x,False,m1_v07
TSP2_Lung_proxmedialdistal_10X_1_1_ACATCCCAGCCGGATA,non-classical monocyte,CL:0000875,human,TSP2,human,lung,UBERON:0002048,target,ood,16.802161749186666,4.528790588660625,6.891838,14.364094,0.8454806655016597,10.123174,6.1095356941223145,human,False,False,10x 3' v3,10x,False,m1_v07
TSP1_Lung_Proximal_10X3primev31_1_1_GCGGATCCATGACAAA,non-classical monocyte,CL:0000875,human,TSP1,human,lung,UBERON:0002048,target,ood,18.030556620849566,5.279017339247762,10.702868,8.666259,1.2928118139651523,8.789413,6.015527248382568,human,False,False,10x 3' v3,10x,False,m1_v07
TSP1_Lung_Proximal_SS2_B107810_B107810Blue_Immune_C6,non-classical monocyte,CL:0000875,human,TSP1,human,lung,UBERON:0002048,target,ood,13.52204771393503,1.7518046006467642,8.787354,7.3992352,4.63505401170945,18.72776,10.593684196472168,human,False,True,Smart-seq2,Smart-seq2,True,m1_v07
TSP14_Lung_distal_SS2_B134542_D101264_Immune_M2,non-classical monocyte,CL:0000875,human,TSP14,human,lung,UBERON:0002048,target,ood,13.448544202432744,1.519458653569059,9.235847,7.5285063,4.818479901406979,15.0840845,8.686308860778809,human,True,True,Smart-seq2,Smart-seq2,True,m1_v07
TSP2_Lung_proxmedialdistal_10X_1_2_TCAGCCTGTGAGTGAC,non-classical monocyte,CL:0000875,human,TSP2,human,lung,UBERON:0002048,target,ood,17.635379665490166,4.696019027644873,10.060424,13.507076,0.6166984322439494,7.3543468,5.324865818023682,human,False,False,10x 3' v3,10x,False,m1_v07
TSP14_Lung_proximal_SS2_B133800_D101263_Immune_P23,non-classical monocyte,CL:0000875,human,TSP14,human,lung,UBERON:0002048,target,ood,16.24373177646041,3.949382458884989,9.007888,8.412987,1.2883805681118112,12.243331,11.055388450622559,human,False,False,Smart-seq2,Smart-seq2,False,m1_v07
TSP2_Lung_proxmedialdistal_10X_1_2_TCCCACATCGTGCGAC,non-classical monocyte,CL:0000875,human,TSP2,human,lung,UBERON:0002048,target,ood,18.118877515104714,4.805873799152023,10.055719,11.722268,0.9309545628829968,7.7040176,5.294547080993652,human,False,False,10x 3' v3,10x,False,m1_v07
TSP2_Lung_proxmedialdistal_10X_1_1_AAGCATCGTACTGAGG,non-classical monocyte,CL:0000875,human,TSP2,human,lung,UBERON:0002048,target,ood,19.75824743856569,1.001568549494611,6.126906,13.417029,3.81106745144799,12.73115,9.248766899108887,human,False,False,10x 3' v3,10x,False,m1_v07
TSP2_Lung_proxmedialdistal_10X_1_2_CTCTCGAAGTTAACGA,non-classical monocyte,CL:0000875,human,TSP2,human,lung,UBERON:0002048,target,ood,17.536855239688144,4.902950554112516,7.432044,12.5690975,0.8136714179224211,6.3400545,6.791995525360107,human,False,False,10x 3' v3,10x,False,m1_v07
TSP2_Lung_proxmedialdistal_10X_1_1_ACCATTTCATGGATCT,non-classical monocyte,CL:0000875,human,TSP2,human,lung,UBERON:0002048,target,ood,17.02936020662148,4.419244975267161,6.3732996,12.858534,0.5949481397484973,11.787815,8.038552284240723,human,False,False,10x 3' v3,10x,False,m1_v07
TSP1_Lung_MedialDistal_SS2_B107811_B107811Blue_Immune_D5,non-classical monocyte,CL:0000875,human,TSP1,human,lung,UBERON:0002048,target,ood,13.49395417872971,1.7731930124899078,8.869363,6.8940506,4.648641073555776,19.66502,9.295427322387695,human,True,True,Smart-seq2,Smart-seq2,True,m1_v07
TSP1_Lung_Proximal_10X3primev31_1_1_ACCCTTGAGCAGAAAG,non-classical monocyte,CL:0000875,human,TSP1,human,lung,UBERON:0002048,target,ood,17.924509141940327,5.19527346997407,10.7254925,9.361037,1.1760252114042573,8.677904,5.241225242614746,human,False,False,10x 3' v3,10x,False,m1_v07
TSP2_Lung_proxmedialdistal_10X_1_2_TCTATCAAGCCTGCCA,non-classical monocyte,CL:0000875,human,TSP2,human,lung,UBERON:0002048,target,ood,18.09446904890583,4.510428482284994,10.091172,13.154627,0.7086396488601056,6.846386,5.6247477531433105,human,False,False,10x 3' v3,10x,False,m1_v07
TSP2_Lung_proxmedialdistal_10X_1_2_GTGCTGGCATACTGTG,non-classical monocyte,CL:0000875,human,TSP2,human,lung,UBERON:0002048,target,ood,24.410136486191984,-3.346524596043867,6.7595415,11.674559,10.134336757447128,12.458308,5.588472843170166,human,True,False,10x 3' v3,10x,True,m1_v07
TSP14_Lung_proximal_SS2_B134631_D101271_Stromal_K2,non-classical monocyte,CL:0000875,human,TSP14,human,lung,UBERON:0002048,target,ood,13.44319848979304,1.544513804521241,9.006415,7.58797,4.809698879736251,16.415682,7.948391437530518,human,True,True,Smart-seq2,Smart-seq2,True,m1_v07
TSP1_Lung_MedialDistal_SS2_B107811_B107811Blue_Immune_M12,non-classical monocyte,CL:0000875,human,TSP1,human,lung,UBERON:0002048,target,ood,13.503961961185386,1.6769188769174599,9.441369,9.102991,4.688766985641778,13.836683,8.633620262145996,human,True,False,Smart-seq2,Smart-seq2,True,m1_v07
TSP2_Lung_proxmedialdistal_10X_1_2_TTCTGTAGTAACACCT,non-classical monocyte,CL:0000875,human,TSP2,human,lung,UBERON:0002048,target,ood,18.128895432163468,4.792299960011395,8.738516,12.035025,0.9270484567391907,8.874479,7.083876609802246,human,False,False,10x 3' v3,10x,False,m1_v07
TSP2_Lung_proxmedialdistal_10X_1_1_TGCCGAGTCTCCGCAT,non-classical monocyte,CL:0000875,human,TSP2,human,lung,UBERON:0002048,target,ood,24.3865081602863,-3.3883321030044726,6.4017124,12.157236,10.149061410219469,13.39375,7.17744779586792,human,True,False,10x 3' v3,10x,True,m1_v07
TSP2_Lung_proxmedialdistal_10X_1_2_GACCAATTCGGCTCTT,non-classical monocyte,CL:0000875,human,TSP2,human,lung,UBERON:0002048,target,ood,16.947788482021544,4.558210243944577,7.3732705,14.2391815,0.7432269380106568,9.294141,6.36925745010376,human,False,False,10x 3' v3,10x,False,m1_v07
TSP2_Lung_proxmedialdistal_10X_1_2_CATCCACGTTTACTGG,non-classical monocyte,CL:0000875,human,TSP2,human,lung,UBERON:0002048,target,ood,17.14705060075796,4.574800908744607,6.4522777,13.275441,0.6148953490557942,6.1748486,6.458552360534668,human,False,False,10x 3' v3,10x,False,m1_v07
TSP2_Lung_proxmedialdistal_10X_1_2_TGGTACAGTTTCTTAC,non-classical monocyte,CL:0000875,human,TSP2,human,lung,UBERON:0002048,target,ood,16.645254100087236,4.2508315352747985,6.46531,13.792606,0.8939320912401698,9.070414,5.382565975189209,human,False,False,10x 3' v3,10x,False,m1_v07
TSP2_Lung_proxmedialdistal_10X_1_2_TATACCTTCCATAAGC,non-classical monocyte,CL:0000875,human,TSP2,human,lung,UBERON:0002048,target,ood,16.731717409968955,5.231875178619962,7.8927336,14.842854,1.390607847425333,16.159668,9.94563102722168,human,False,True,10x 3' v3,10x,True,m1_v07
TSP14_Lung_Distal_10X_1_1_TTAGGGTTCAACCTTT,non-classical monocyte,CL:0000875,human,TSP14,human,lung,UBERON:0002048,target,ood,16.973749755592447,5.819615917213365,7.6207952,13.584906,1.8157776511924846,9.638126,5.225719451904297,human,False,False,10x 3' v3,10x,False,m1_v07
TSP2_Lung_proxmedialdistal_10X_1_1_TCGGATAAGACTTGTC,non-classical monocyte,CL:0000875,human,TSP2,human,lung,UBERON:0002048,target,ood,18.10393892715949,4.608171718918104,8.867733,12.675441,0.7777657475271033,6.754675,5.627725601196289,human,False,False,10x 3' v3,10x,False,m1_v07
TSP2_Lung_proxmedialdistal_10X_1_1_CGGGTGTAGCAGTCTT,non-classical monocyte,CL:0000875,human,TSP2,human,lung,UBERON:0002048,target,ood,18.078678309197034,4.9578432098199405,8.758686,10.528883,1.0302286929695341,9.037571,4.406649112701416,human,False,False,10x 3' v3,10x,False,m1_v07
TSP2_Lung_proxmedialdistal_10X_1_1_GTGCGTGGTTCCTTGC,non-classical monocyte,CL:0000875,human,TSP2,human,lung,UBERON:0002048,target,ood,18.281729832255866,4.623813487151144,8.422616,12.316753,0.9268479912451906,7.2376733,5.613677978515625,human,False,False,10x 3' v3,10x,False,m1_v07
TSP2_Lung_proxmedialdistal_10X_1_1_TTGGTTTGTAGCTGTT,non-classical monocyte,CL:0000875,human,TSP2,human,lung,UBERON:0002048,target,ood,17.13920477731202,5.563297200124073,8.623256,14.683336,1.5234475156041978,14.420853,8.157877922058105,human,False,True,10x 3' v3,10x,True,m1_v07
TSP14_Lung_distal_SS2_B134542_D101264_Immune_M15,non-classical monocyte,CL:0000875,human,TSP14,human,lung,UBERON:0002048,target,ood,13.437214806961501,1.5208033091116027,8.9153185,7.107922,4.827351582287227,16.715435,7.972907066345215,human,True,True,Smart-seq2,Smart-seq2,True,m1_v07
TSP14_Lung_Distal_10X_1_1_AGCGTCGCAACCGGAA,non-classical monocyte,CL:0000875,human,TSP14,human,lung,UBERON:0002048,target,ood,17.205973465760668,5.857360695899532,7.2394834,13.064806,1.796448999402661,11.497912,7.923941612243652,human,False,False,10x 3' v3,10x,False,m1_v07
TSP2_Lung_proxmedialdistal_10X_1_2_ATGATCGGTCTCACGG,non-classical monocyte,CL:0000875,human,TSP2,human,lung,UBERON:0002048,target,ood,17.912758467315935,4.969777525587743,7.943829,12.979742,0.9622206688232082,6.8238606,7.561191558837891,human,False,False,10x 3' v3,10x,False,m1_v07
TSP2_Lung_proxmedialdistal_10X_1_2_GGAGATGTCACCCTCA,non-classical monocyte,CL:0000875,human,TSP2,human,lung,UBERON:0002048,target,ood,17.82908567618964,4.678301945269802,9.899498,13.794257,0.6630377591165997,6.4960365,5.738738059997559,human,False,False,10x 3' v3,10x,False,m1_v07
TSP2_Lung_proxmedialdistal_10X_1_2_CACGTGGCACTCCCTA,non-classical monocyte,CL:0000875,human,TSP2,human,lung,UBERON:0002048,target,ood,24.339546659688846,-3.4560562358202387,6.3502927,12.282179,10.167525745631988,12.74613,7.234536170959473,human,True,False,10x 3' v3,10x,True,m1_v07
TSP14_Lung_Distal_10X_1_1_AGCATCACAGTTCTAG,non-classical monocyte,CL:0000875,human,TSP14,human,lung,UBERON:0002048,target,ood,17.01736226486416,5.822754303120596,7.3759074,13.398629,1.8060406653720433,12.321875,4.5440993309021,human,False,False,10x 3' v3,10x,False,m1_v07
TSP2_Lung_proxmedialdistal_10X_1_2_AACCACATCTAGAGCT,non-classical monocyte,CL:0000875,human,TSP2,human,lung,UBERON:0002048,target,ood,18.110913396260692,4.89537094163345,9.591377,10.8787365,0.9967604742607102,8.766286,5.096250534057617,human,False,False,10x 3' v3,10x,False,m1_v07
TSP2_Lung_proxmedialdistal_10X_1_2_CCTCATGGTCCGGACT,non-classical monocyte,CL:0000875,human,TSP2,human,lung,UBERON:0002048,target,ood,18.05276427700607,5.073943280455088,7.9502597,12.7347765,1.1173441655582301,8.913851,6.202884674072266,human,False,False,10x 3' v3,10x,False,m1_v07
TSP2_Lung_proxmedialdistal_10X_1_2_AAGATAGAGATAGTGT,non-classical monocyte,CL:0000875,human,TSP2,human,lung,UBERON:0002048,target,ood,18.636486983178767,4.891284700011417,7.5651507,11.67652,1.3709894221625512,9.860191,5.228462219238281,human,False,False,10x 3' v3,10x,False,m1_v07
TSP2_Lung_proxmedialdistal_10X_1_2_TGAGTCACATACCAGT,non-classical monocyte,CL:0000875,human,TSP2,human,lung,UBERON:0002048,target,ood,16.89644596294598,4.455787645237013,7.7552075,13.878231,0.7271119162438592,7.884707,6.665569305419922,human,False,False,10x 3' v3,10x,False,m1_v07
TSP2_Lung_proxmedialdistal_10X_1_1_CAGGGCTAGGTTTACC,non-classical monocyte,CL:0000875,human,TSP2,human,lung,UBERON:0002048,target,ood,24.445517772065724,-3.672757080257552,6.900189,11.931968,10.399585099809116,15.19545,8.705378532409668,human,True,True,10x 3' v3,10x,True,m1_v07
TSP2_Lung_proxmedialdistal_10X_1_2_CATTCATGTGTCCGTG,non-classical monocyte,CL:0000875,human,TSP2,human,lung,UBERON:0002048,target,ood,17.8898433955951,4.794738395359604,9.046706,11.380822,0.7943722887178839,6.9405746,5.184563636779785,human,False,False,10x 3' v3,10x,False,m1_v07
TSP2_Lung_proxmedialdistal_10X_1_1_CGAGGAACATCTCAAG,non-classical monocyte,CL:0000875,human,TSP2,human,lung,UBERON:0002048,target,ood,24.32517006351475,-3.4536003950717773,5.9530516,13.725974,10.15607094113939,15.345245,8.312183380126953,human,True,True,10x 3' v3,10x,True,m1_v07
TSP25_Lung_Proximal_10X_2_1_GGTTGTAGTACTCGAT,non-classical monocyte,CL:0000875,human,TSP25,human,lung,UBERON:0002048,target,ood,16.78853784139232,4.932737490793246,6.921332,14.262825,1.1193214806926226,12.82579,6.422439098358154,human,False,False,10x 3' v3,10x,False,m1_v07
TSP2_Lung_proxmedialdistal_10X_1_1_TTCCTCTTCACGGGAA,non-classical monocyte,CL:0000875,human,TSP2,human,lung,UBERON:0002048,target,ood,17.628443334916906,4.780726241213359,8.851295,11.211393,0.6991255434956237,7.066996,5.473848819732666,human,False,False,10x 3' v3,10x,False,m1_v07
TSP2_Lung_proxmedialdistal_10X_1_1_AAGCGTTGTGATAGTA,non-classical monocyte,CL:0000875,human,TSP2,human,lung,UBERON:0002048,target,ood,18.19703566119869,4.500446002343084,8.477669,12.889225,0.7882297663019125,6.654233,5.255064964294434,human,False,False,10x 3' v3,10x,False,m1_v07
TSP2_Lung_proxmedialdistal_10X_1_1_TCAGTCCTCCTGTTAT,non-classical monocyte,CL:0000875,human,TSP2,human,lung,UBERON:0002048,target,ood,16.52606033244401,10.557254912322252,9.531912,12.829533,6.544489629683014,12.508423,5.714282512664795,human,True,False,10x 3' v3,10x,True,m1_v07
TSP1_Lung_Proximal_SS2_B107810_B107810Blue_Immune_F3,non-classical monocyte,CL:0000875,human,TSP1,human,lung,UBERON:0002048,target,ood,13.432083957705364,1.700960505528039,9.383272,7.893496,4.738381144710582,15.934565,7.740971565246582,human,True,True,Smart-seq2,Smart-seq2,True,m1_v07
TSP25_Lung_Distal_10X_1_1_TGGGTTAAGAAGGGAT,non-classical monocyte,CL:0000875,human,TSP25,human,lung,UBERON:0002048,target,ood,18.081974331608734,3.5498952917358553,7.7336345,14.470264,0.7757780006961207,19.617579,12.7021484375,human,False,True,10x 3' v3,10x,True,m1_v07
TSP2_Lung_proxmedialdistal_10X_1_1_ATCGTCCGTACCCAGC,non-classical monocyte,CL:0000875,human,TSP2,human,lung,UBERON:0002048,target,ood,18.10888242308059,4.467168697677815,8.6646185,13.361044,0.6958811604828573,7.086922,4.732650279998779,human,False,False,10x 3' v3,10x,False,m1_v07
TSP1_Lung_MedialDistal_SS2_B107811_B107811Blue_Immune_L6,non-classical monocyte,CL:0000875,human,TSP1,human,lung,UBERON:0002048,target,ood,13.546873559164862,1.8411325729576955,8.695848,7.0225754,4.569023225338287,17.64546,9.569266319274902,human,False,True,Smart-seq2,Smart-seq2,True,m1_v07
TSP2_Lung_proxmedialdistal_10X_1_1_AGGAATAGTTGTATGC,non-classical monocyte,CL:0000875,human,TSP2,human,lung,UBERON:0002048,target,ood,17.934451957020123,4.832000008923192,9.673966,10.744015,0.8482735772102191,7.9367957,4.7188944816589355,human,False,False,10x 3' v3,10x,False,m1_v07
TSP2_Lung_proxmedialdistal_10X_1_2_AACCACAAGCGTTCCG,non-classical monocyte,CL:0000875,human,TSP2,human,lung,UBERON:0002048,target,ood,18.258070166013592,5.122221002272176,9.583903,10.232203,1.2668554789254418,11.883117,6.310478687286377,human,False,False,10x 3' v3,10x,False,m1_v07
TSP1_Lung_Medial_10X3primev31_1_1_AGAAATGAGGTTCTAC,non-classical monocyte,CL:0000875,human,TSP1,human,lung,UBERON:0002048,target,ood,17.974679771388363,5.277581969397004,10.101982,8.932727,1.2706360844045432,8.409126,5.334930896759033,human,False,False,10x 3' v3,10x,False,m1_v07
TSP1_Lung_Proximal_SS2_B107810_B107810Blue_Immune_C5,non-classical monocyte,CL:0000875,human,TSP1,human,lung,UBERON:0002048,target,ood,13.578327941653232,1.8200782238496356,9.125254,6.859334,4.552125855267035,17.036386,9.2069730758667,human,False,True,Smart-seq2,Smart-seq2,True,m1_v07
TSP25_Lung_Proximal_10X_2_1_AGGCATTAGACTGAGC,non-classical monocyte,CL:0000875,human,TSP25,human,lung,UBERON:0002048,target,ood,17.57991988038772,5.37398273181079,10.82145,10.086399,1.2858051138240496,8.878597,5.095412254333496,human,False,False,10x 3' v3,10x,False,m1_v07
TSP14_Lung_Proximal_10X_1_1_CCACACTTCCTTCTTC,non-classical monocyte,CL:0000875,human,TSP14,human,lung,UBERON:0002048,target,ood,16.953403894507584,5.754851409544604,7.526432,13.226566,1.7606676502369913,11.467384,4.731653213500977,human,False,False,10x 3' v3,10x,False,m1_v07
TSP2_Lung_proxmedialdistal_10X_1_2_GACATCAGTTGTCCCT,non-classical monocyte,CL:0000875,human,TSP2,human,lung,UBERON:0002048,target,ood,17.85861401649756,4.609921635082937,8.0910015,14.027459,0.618557468504086,6.4392605,5.770359039306641,human,False,False,10x 3' v3,10x,False,m1_v07
TSP1_Lung_MedialDistal_SS2_B107811_B107811Blue_Immune_K2,non-classical monocyte,CL:0000875,human,TSP1,human,lung,UBERON:0002048,target,ood,13.49879475335872,1.6483802049788048,10.106442,8.569966,4.707931948827818,13.681714,5.963281631469727,human,True,False,Smart-seq2,Smart-seq2,True,m1_v07
TSP2_Lung_proxmedialdistal_10X_1_2_GCGGATCCACGAGGAT,non-classical monocyte,CL:0000875,human,TSP2,human,lung,UBERON:0002048,target,ood,18.314400590506686,4.635779756556612,7.7492714,11.816553,0.9604831347624091,7.53501,5.27325963973999,human,False,False,10x 3' v3,10x,False,m1_v07
TSP1_Lung_Distal_10X3primev31_1_1_AGGTCTATCGATACAC,non-classical monocyte,CL:0000875,human,TSP1,human,lung,UBERON:0002048,target,ood,17.945437595963792,5.232793740234542,10.939801,9.382085,1.2184466447074744,7.303243,4.649214267730713,human,False,False,10x 3' v3,10x,False,m1_v07
TSP2_Lung_proxmedialdistal_10X_1_2_AGAGAATCAATTAGGA,non-classical monocyte,CL:0000875,human,TSP2,human,lung,UBERON:0002048,target,ood,16.527192271416187,11.423414405763754,9.970994,12.582405,7.401537142702464,13.046375,6.910062789916992,human,True,False,10x 3' v3,10x,True,m1_v07
TSP2_Lung_proxmedialdistal_10X_1_2_GAGTTACGTTATGTCG,non-classical monocyte,CL:0000875,human,TSP2,human,lung,UBERON:0002048,target,ood,16.71496412871461,4.320198342040001,6.679525,14.069986,0.8417857198809114,10.032397,6.474347114562988,human,False,False,10x 3' v3,10x,False,m1_v07
TSP1_Lung_MedialDistal_SS2_B107811_B107811Blue_Immune_L8,non-classical monocyte,CL:0000875,human,TSP1,human,lung,UBERON:0002048,target,ood,13.453977180534153,1.6869226100172399,9.401079,8.303785,4.726605246612858,14.667579,7.032299995422363,human,True,True,Smart-seq2,Smart-seq2,True,m1_v07
TSP25_Lung_Distal_10X_1_1_ACTTCCGCAGCCGTCA,non-classical monocyte,CL:0000875,human,TSP25,human,lung,UBERON:0002048,target,ood,17.13523254135505,5.941713757019234,8.257777,14.49166,1.892797545155906,17.173027,10.314552307128906,human,False,True,10x 3' v3,10x,True,m1_v07
TSP1_Lung_Proximal_SS2_B107810_B107810Blue_Immune_K11,non-classical monocyte,CL:0000875,human,TSP1,human,lung,UBERON:0002048,target,ood,13.51351305108726,1.792375964470412,8.656495,7.141024,4.6221301118222495,18.423319,9.134115219116211,human,False,True,Smart-seq2,Smart-seq2,True,m1_v07
TSP2_Lung_proxmedialdistal_10X_1_2_TGGAGGATCAGTCCGG,non-classical monocyte,CL:0000875,human,TSP2,human,lung,UBERON:0002048,target,ood,17.065922021806877,4.471666870340259,9.544491,13.400839,0.597015784023099,11.646668,9.371853828430176,human,False,False,10x 3' v3,10x,False,m1_v07
TSP2_Lung_proxmedialdistal_10X_1_1_ACCCTCAGTTCAGCGC,non-classical monocyte,CL:0000875,human,TSP2,human,lung,UBERON:0002048,target,ood,18.155912932548418,4.650010897046818,7.9700723,11.664351,0.8444031822255147,6.805319,4.0651068687438965,human,False,False,10x 3' v3,10x,False,m1_v07
TSP1_Lung_Proximal_10X3primev31_1_1_TAGGTTGAGGCCACTC,non-classical monocyte,CL:0000875,human,TSP1,human,lung,UBERON:0002048,target,ood,16.91217820162585,5.030833884534308,8.916677,10.38523,1.1230614570389563,11.004375,7.840115547180176,human,False,False,10x 3' v3,10x,False,m1_v07
TSP2_Lung_proxmedialdistal_10X_1_1_CTTTCAACAAATGAGT,non-classical monocyte,CL:0000875,human,TSP2,human,lung,UBERON:0002048,target,ood,16.595104381564983,4.2869543812301485,6.5061803,14.518198,0.9501502011145563,12.084002,6.175927639007568,human,False,False,10x 3' v3,10x,False,m1_v07
TSP2_Lung_proxmedialdistal_10X_1_2_TTCTTGAAGAATACAC,non-classical monocyte,CL:0000875,human,TSP2,human,lung,UBERON:0002048,target,ood,24.405309849387994,-3.43600600526475,6.789989,12.418777,10.196915801970038,15.155435,5.718679428100586,human,True,True,10x 3' v3,10x,True,m1_v07
TSP2_Lung_proxmedialdistal_10X_1_2_AAGTACCAGCGCGTTC,non-classical monocyte,CL:0000875,human,TSP2,human,lung,UBERON:0002048,target,ood,17.631361153307,5.361382592317158,8.822466,14.576993,1.2764915162707788,12.030235,9.93629264831543,human,False,False,10x 3' v3,10x,False,m1_v07
TSP2_Lung_proxmedialdistal_10X_1_2_TTTGACTCAATTCACG,non-classical monocyte,CL:0000875,human,TSP2,human,lung,UBERON:0002048,target,ood,17.344943715696672,4.6432011507454565,9.489246,14.1326475,0.5822029251881078,6.753477,4.928805828094482,human,False,False,10x 3' v3,10x,False,m1_v07
TSP2_Lung_proxmedialdistal_10X_1_1_GAGTTTGTCCACGTCT,non-classical monocyte,CL:0000875,human,TSP2,human,lung,UBERON:0002048,target,ood,18.04952956610524,4.5302089608003255,7.7874784,12.848468,0.6855717973697627,8.761706,4.529078483581543,human,False,False,10x 3' v3,10x,False,m1_v07
TSP1_Lung_Distal_10X3primev31_1_1_ACTATTCCAGCAATTC,non-classical monocyte,CL:0000875,human,TSP1,human,lung,UBERON:0002048,target,ood,17.96513839604846,5.2651436249447086,11.099862,8.994111,1.2556321680506448,8.140455,5.12359619140625,human,False,False,10x 3' v3,10x,False,m1_v07
TSP2_Lung_proxmedialdistal_10X_1_2_CTGCCATCAAGAGTTA,non-classical monocyte,CL:0000875,human,TSP2,human,lung,UBERON:0002048,target,ood,18.458939782342775,4.994817644563371,8.030427,11.234896,1.3011674283058774,7.91881,5.407670497894287,human,False,False,10x 3' v3,10x,False,m1_v07
TSP2_Lung_proxmedialdistal_10X_1_2_GATCGTACAGACGATG,non-classical monocyte,CL:0000875,human,TSP2,human,lung,UBERON:0002048,target,ood,18.361760550916912,4.65115342561268,8.203904,11.576679,1.0082799817835593,8.248939,5.8060808181762695,human,False,False,10x 3' v3,10x,False,m1_v07
TSP1_Lung_Proximal_10X3primev31_1_1_GATCAGTGTTACGTAC,non-classical monocyte,CL:0000875,human,TSP1,human,lung,UBERON:0002048,target,ood,17.96551075311449,5.450332829059708,10.887483,9.547457,1.4306346378443433,7.777206,5.103909492492676,human,False,False,10x 3' v3,10x,False,m1_v07
TSP2_Lung_proxmedialdistal_10X_1_2_GAATAGAGTTATTCTC,non-classical monocyte,CL:0000875,human,TSP2,human,lung,UBERON:0002048,target,ood,17.151473180141434,5.119026219789146,9.5147915,12.336887,1.0951359213336747,11.153878,7.936295032501221,human,False,False,10x 3' v3,10x,False,m1_v07
TSP2_Lung_proxmedialdistal_10X_1_2_TGCTTGCCAGACGCTC,non-classical monocyte,CL:0000875,human,TSP2,human,lung,UBERON:0002048,target,ood,18.21267942512672,4.421563328676069,8.3583975,13.29054,0.7641745813917288,8.27271,4.469892501831055,human,False,False,10x 3' v3,10x,False,m1_v07
TSP1_Lung_Proximal_SS2_B107810_B107810Blue_Immune_K12,non-classical monocyte,CL:0000875,human,TSP1,human,lung,UBERON:0002048,target,ood,13.493394594348885,1.6165285258855833,9.35211,7.939262,4.729127308886907,15.214352,6.806315898895264,human,True,True,Smart-seq2,Smart-seq2,True,m1_v07
TSP1_Lung_MedialDistal_SS2_B107811_B107811Blue_Immune_M8,non-classical monocyte,CL:0000875,human,TSP1,human,lung,UBERON:0002048,target,ood,13.527422333518059,1.6892775958308843,8.8236265,6.9252353,4.662291644689623,16.950823,9.825042724609375,human,True,True,Smart-seq2,Smart-seq2,True,m1_v07
TSP1_Lung_Proximal_SS2_B107810_B107810Blue_Immune_G6,non-classical monocyte,CL:0000875,human,TSP1,human,lung,UBERON:0002048,target,ood,13.535441760641076,1.8463805414858272,8.9391575,7.2510195,4.576404326394421,16.87349,9.213374137878418,human,False,True,Smart-seq2,Smart-seq2,True,m1_v07
TSP2_Lung_proxmedialdistal_10X_1_2_GGGTTATGTCTGTGAT,non-classical monocyte,CL:0000875,human,TSP2,human,lung,UBERON:0002048,target,ood,17.750018176678157,4.462865677284817,8.78711,14.017468,0.43630512439870783,9.453006,7.675383567810059,human,False,False,10x 3' v3,10x,False,m1_v07
TSP2_Lung_proxmedialdistal_10X_1_2_GGCTTGGGTGTATTGC,non-classical monocyte,CL:0000875,human,TSP2,human,lung,UBERON:0002048,target,ood,15.963158362495777,17.207514038917598,9.715154,12.035205,13.210728906367343,15.25883,7.605428218841553,human,True,True,10x 3' v3,10x,True,m1_v07
TSP14_Lung_Proximal_10X_1_1_CAGATACTCACTACTT,non-classical monocyte,CL:0000875,human,TSP14,human,lung,UBERON:0002048,target,ood,17.235599297371067,5.535283598830221,7.6349387,12.715039,1.4744868547926,9.177588,6.940876007080078,human,False,False,10x 3' v3,10x,False,m1_v07
TSP2_Lung_proxmedialdistal_10X_1_2_AGTTAGCTCTTACGGA,non-classical monocyte,CL:0000875,human,TSP2,human,lung,UBERON:0002048,target,ood,18.587607870366845,5.001366654416828,7.393008,10.983717,1.4007011697382534,8.469818,5.009446620941162,human,False,False,10x 3' v3,10x,False,m1_v07
TSP2_Lung_proxmedialdistal_10X_1_2_CTGCGAGCACATATCG,non-classical monocyte,CL:0000875,human,TSP2,human,lung,UBERON:0002048,target,ood,17.909862558172513,4.800513795540169,9.860888,11.37598,0.8088494008703111,6.116321,5.606143474578857,human,False,False,10x 3' v3,10x,False,m1_v07
TSP2_Lung_proxmedialdistal_10X_1_1_GTTCCGTGTGGCGTAA,non-classical monocyte,CL:0000875,human,TSP2,human,lung,UBERON:0002048,target,ood,18.695050725119824,5.175300283523586,8.599564,10.101849,1.59670390713316,9.541631,6.525539875030518,human,False,False,10x 3' v3,10x,False,m1_v07
TSP2_Lung_proxmedialdistal_10X_1_2_GGTTAACCAGGTCAGA,non-classical monocyte,CL:0000875,human,TSP2,human,lung,UBERON:0002048,target,ood,18.53357475542489,5.024107267453616,8.371376,10.800211,1.375496749328054,8.26551,5.566640853881836,human,False,False,10x 3' v3,10x,False,m1_v07
TSP2_Lung_proxmedialdistal_10X_1_2_GCAACATTCAGCGTCG,non-classical monocyte,CL:0000875,human,TSP2,human,lung,UBERON:0002048,target,ood,17.986045635567386,4.567758372185565,9.318962,13.76222,0.6647490003241331,7.2240734,4.8737287521362305,human,False,False,10x 3' v3,10x,False,m1_v07
TSP2_Lung_proxmedialdistal_10X_1_1_CATCGGGTCCATTGGA,non-classical monocyte,CL:0000875,human,TSP2,human,lung,UBERON:0002048,target,ood,23.670860739421784,-2.8384789240133017,5.9245324,13.142492,9.26137559372268,13.04027,7.423779010772705,human,True,False,10x 3' v3,10x,True,m1_v07
TSP2_Lung_proxmedialdistal_10X_1_1_GTTCGCTAGGCCACTC,non-classical monocyte,CL:0000875,human,TSP2,human,lung,UBERON:0002048,target,ood,17.852635808531712,5.177005108731185,8.770545,13.943119,1.1360574812535595,11.891424,7.808321952819824,human,False,False,10x 3' v3,10x,False,m1_v07
TSP1_Lung_MedialDistal_SS2_B107811_B107811Blue_Immune_C5,non-classical monocyte,CL:0000875,human,TSP1,human,lung,UBERON:0002048,target,ood,13.481087932550498,1.6811363650941327,9.185999,6.911128,4.706236176208876,18.450806,10.28855037689209,human,True,True,Smart-seq2,Smart-seq2,True,m1_v07
TSP2_Lung_proxmedialdistal_10X_1_1_CATCCACTCTCGTTTA,non-classical monocyte,CL:0000875,human,TSP2,human,lung,UBERON:0002048,target,ood,16.908256902535946,4.59897780380685,6.95637,13.01959,0.7996456101513719,8.29642,5.1034979820251465,human,False,False,10x 3' v3,10x,False,m1_v07
TSP1_Lung_Medial_10X3primev31_1_1_AAGATAGAGCATCTTG,non-classical monocyte,CL:0000875,human,TSP1,human,lung,UBERON:0002048,target,ood,18.013529061558756,5.326085561227996,10.72195,9.654555,1.3298955823052276,8.301835,4.18978214263916,human,False,False,10x 3' v3,10x,False,m1_v07
TSP2_Lung_proxmedialdistal_10X_1_2_GTAGCTAGTACTCGTA,non-classical monocyte,CL:0000875,human,TSP2,human,lung,UBERON:0002048,target,ood,18.094837370302297,4.4318845433366105,8.855213,13.478834,0.6652943933605463,8.381758,5.351385116577148,human,False,False,10x 3' v3,10x,False,m1_v07
TSP2_Lung_proxmedialdistal_10X_1_1_GTCTAGATCTGTCCGT,non-classical monocyte,CL:0000875,human,TSP2,human,lung,UBERON:0002048,target,ood,16.99160148943402,4.532954478155819,9.033152,12.764517,0.693345857753931,8.078151,5.147494316101074,human,False,False,10x 3' v3,10x,False,m1_v07
TSP2_Lung_proxmedialdistal_10X_1_1_CTGGCAGAGCTCGGCT,non-classical monocyte,CL:0000875,human,TSP2,human,lung,UBERON:0002048,target,ood,16.6290593290765,4.279398404477789,6.1684737,13.572588,0.9153663221963771,9.992637,6.178066253662109,human,False,False,10x 3' v3,10x,False,m1_v07
TSP2_Lung_proxmedialdistal_10X_1_1_GCAACCGTCTCCGCAT,non-classical monocyte,CL:0000875,human,TSP2,human,lung,UBERON:0002048,target,ood,16.6155956403219,4.300709167115361,6.367214,14.410864,0.9331353250714334,11.964379,5.064238548278809,human,False,False,10x 3' v3,10x,False,m1_v07
TSP2_Lung_proxmedialdistal_10X_1_2_AGACAAAGTGTTTACG,non-classical monocyte,CL:0000875,human,TSP2,human,lung,UBERON:0002048,target,ood,21.248524099586398,0.7821383376441136,6.27425,11.74491,4.9805897832720225,12.196541,9.980319023132324,human,True,False,10x 3' v3,10x,True,m1_v07
TSP2_Lung_proxmedialdistal_10X_1_2_TTGGTTTGTATAGCTC,non-classical monocyte,CL:0000875,human,TSP2,human,lung,UBERON:0002048,target,ood,16.63912296563517,4.3697204727038015,6.7465005,14.858069,0.928686887496474,13.1039095,6.556635856628418,human,False,False,10x 3' v3,10x,False,m1_v07
TSP2_Lung_proxmedialdistal_10X_1_1_GTCACTCTCATTGCTT,non-classical monocyte,CL:0000875,human,TSP2,human,lung,UBERON:0002048,target,ood,17.474263504756653,6.011092468047442,10.138187,12.530016,1.9223753890198096,10.975097,7.336364269256592,human,False,False,10x 3' v3,10x,False,m1_v07
TSP2_Lung_proxmedialdistal_10X_1_1_GCGATCGAGGAGTACC,non-classical monocyte,CL:0000875,human,TSP2,human,lung,UBERON:0002048,target,ood,18.76714770570221,5.15817829812618,8.183559,10.463752,1.639071888149824,9.981291,6.101178169250488,human,False,False,10x 3' v3,10x,False,m1_v07
TSP2_Lung_proxmedialdistal_10X_1_2_AGACACTAGGCACGAT,non-classical monocyte,CL:0000875,human,TSP2,human,lung,UBERON:0002048,target,ood,16.988692142489874,4.731209329672202,8.96238,14.458711,0.8360782846835972,10.640584,8.694430351257324,human,False,False,10x 3' v3,10x,False,m1_v07
TSP2_Lung_proxmedialdistal_10X_1_2_GAACGTTGTCCCGGTA,non-classical monocyte,CL:0000875,human,TSP2,human,lung,UBERON:0002048,target,ood,17.412922434216433,5.621089647454901,8.962891,14.168938,1.5357738696388457,12.98983,8.842084884643555,human,False,False,10x 3' v3,10x,False,m1_v07
TSP2_Lung_proxmedialdistal_10X_1_2_CACAGGCGTAGGTCAG,non-classical monocyte,CL:0000875,human,TSP2,human,lung,UBERON:0002048,target,ood,18.291833141292628,4.650484010657791,7.7430205,12.027441,0.9506153631581431,6.665256,5.027716159820557,human,False,False,10x 3' v3,10x,False,m1_v07
TSP2_Lung_proxmedialdistal_10X_1_2_ATTCAGGAGTAGTGCG,non-classical monocyte,CL:0000875,human,TSP2,human,lung,UBERON:0002048,target,ood,18.184013666299602,4.968654986946177,8.820717,10.643216,1.0991430495724317,8.146174,5.619540214538574,human,False,False,10x 3' v3,10x,False,m1_v07
TSP1_Lung_MedialDistal_SS2_B107811_B107811Blue_Immune_C8,non-classical monocyte,CL:0000875,human,TSP1,human,lung,UBERON:0002048,target,ood,13.50772991762579,1.7685586644971796,9.160331,7.148881,4.639018860385916,18.673323,8.858500480651855,human,False,True,Smart-seq2,Smart-seq2,True,m1_v07
TSP2_Lung_proxmedialdistal_10X_1_2_AGCTACAAGGTTGTTC,non-classical monocyte,CL:0000875,human,TSP2,human,lung,UBERON:0002048,target,ood,16.716710539700124,4.694317541152236,9.484863,13.6257105,1.0091858895711572,9.158162,5.877878189086914,human,False,False,10x 3' v3,10x,False,m1_v07
TSP14_Lung_Distal_10X_1_1_CTCGAGGTCACTTCTA,non-classical monocyte,CL:0000875,human,TSP14,human,lung,UBERON:0002048,target,ood,17.238159107806148,5.875231334024316,7.489697,12.945525,1.8086656573030075,9.715354,6.20285701751709,human,False,False,10x 3' v3,10x,False,m1_v07
TSP2_Lung_proxmedialdistal_10X_1_2_AGTGCCGTCCTCACCA,non-classical monocyte,CL:0000875,human,TSP2,human,lung,UBERON:0002048,target,ood,18.472313862195477,5.051456765556955,9.246712,10.32004,1.350550129788883,9.573016,5.198418617248535,human,False,False,10x 3' v3,10x,False,m1_v07
TSP1_Lung_Distal_10X3primev31_1_1_ATACCGACAAACTAGA,non-classical monocyte,CL:0000875,human,TSP1,human,lung,UBERON:0002048,target,ood,15.87699122254377,6.01395332212401,9.231479,11.582256,2.533424998435569,11.951381,7.28334379196167,human,False,False,10x 3' v3,10x,False,m1_v07
TSP2_Lung_proxmedialdistal_10X_1_2_GAGTGTTTCCGTAATG,non-classical monocyte,CL:0000875,human,TSP2,human,lung,UBERON:0002048,target,ood,17.00198391939748,4.517391419643428,8.149898,11.375208,0.6754304416066678,9.1245775,7.66641902923584,human,False,False,10x 3' v3,10x,False,m1_v07
TSP2_Lung_proxmedialdistal_10X_1_2_CGTAATGAGGTCATAA,non-classical monocyte,CL:0000875,human,TSP2,human,lung,UBERON:0002048,target,ood,17.186305206712206,4.893106827295714,9.145871,11.744546,0.8719821578267134,9.869909,7.951939582824707,human,False,False,10x 3' v3,10x,False,m1_v07
TSP2_Lung_proxmedialdistal_10X_1_2_ACAAGCTTCGTGCAGC,non-classical monocyte,CL:0000875,human,TSP2,human,lung,UBERON:0002048,target,ood,18.159326912942387,4.812490121053247,9.751618,11.414093,0.9622490418209667,6.7548313,6.017122268676758,human,False,False,10x 3' v3,10x,False,m1_v07
TSP2_Lung_proxmedialdistal_10X_1_1_CATGCTCCATCCCGTT,non-classical monocyte,CL:0000875,human,TSP2,human,lung,UBERON:0002048,target,ood,17.573751520056813,4.960226003632209,8.218696,13.635088,0.8722453151233772,9.02401,6.04126501083374,human,False,False,10x 3' v3,10x,False,m1_v07
TSP2_Lung_proxmedialdistal_10X_1_1_CCGTTCAGTTCAGTAC,non-classical monocyte,CL:0000875,human,TSP2,human,lung,UBERON:0002048,target,ood,17.272748502101646,5.955102225952052,9.302792,12.986732,1.8826353286074011,10.187063,6.585341930389404,human,False,False,10x 3' v3,10x,False,m1_v07
TSP2_Lung_proxmedialdistal_10X_1_2_TCAAGTGGTGGAAATT,non-classical monocyte,CL:0000875,human,TSP2,human,lung,UBERON:0002048,target,ood,18.720608944397252,5.234101132712802,9.548746,10.48207,1.6556316577845103,11.24347,5.93522834777832,human,False,False,10x 3' v3,10x,False,m1_v07
TSP2_Lung_proxmedialdistal_10X_1_2_TTCAATCCAATTTCTC,non-classical monocyte,CL:0000875,human,TSP2,human,lung,UBERON:0002048,target,ood,16.751495545286744,4.4295923401357244,6.8099265,14.616726,0.8445476447688268,12.37342,6.411920547485352,human,False,False,10x 3' v3,10x,False,m1_v07
TSP2_Lung_proxmedialdistal_10X_1_2_AATGACCAGTGAACAT,non-classical monocyte,CL:0000875,human,TSP2,human,lung,UBERON:0002048,target,ood,18.121157806247794,4.617388773164148,8.547449,13.214594,0.7967557391844873,9.036572,5.958004951477051,human,False,False,10x 3' v3,10x,False,m1_v07
TSP1_Lung_MedialDistal_SS2_B107811_B107811Blue_Immune_F11,non-classical monocyte,CL:0000875,human,TSP1,human,lung,UBERON:0002048,target,ood,13.519361667163626,1.704422602305178,9.490646,7.3534594,4.661437199560136,15.625552,10.262295722961426,human,True,True,Smart-seq2,Smart-seq2,True,m1_v07
TSP1_Lung_Medial_10X3primev31_1_1_GCTTTCGAGTCCGTCG,non-classical monocyte,CL:0000875,human,TSP1,human,lung,UBERON:0002048,target,ood,18.012816367088394,5.311185669743439,10.443566,8.8728895,1.315786432193023,7.78919,5.956984996795654,human,False,False,10x 3' v3,10x,False,m1_v07
TSP2_Lung_proxmedialdistal_10X_1_1_ATGTCTTCACTGGATT,non-classical monocyte,CL:0000875,human,TSP2,human,lung,UBERON:0002048,target,ood,18.0645045700655,4.708666367375458,7.918833,12.415728,0.8216726319326156,7.634025,6.066606044769287,human,False,False,10x 3' v3,10x,False,m1_v07
TSP2_Lung_proxmedialdistal_10X_1_1_TGGGTTAAGGAGCTGT,non-classical monocyte,CL:0000875,human,TSP2,human,lung,UBERON:0002048,target,ood,17.738888650600316,4.561631058929201,9.07903,13.92991,0.5186489332451808,6.7997932,5.49988317489624,human,False,False,10x 3' v3,10x,False,m1_v07
TSP2_Lung_proxmedialdistal_10X_1_2_GTGTTAGAGGCCTAAG,non-classical monocyte,CL:0000875,human,TSP2,human,lung,UBERON:0002048,target,ood,17.913907124483124,4.776969421775971,10.03485,11.871561,0.7902143407286276,7.9525437,5.638324737548828,human,False,False,10x 3' v3,10x,False,m1_v07
TSP2_Lung_proxmedialdistal_10X_1_2_CCTAAGACAAATGGAT,non-classical monocyte,CL:0000875,human,TSP2,human,lung,UBERON:0002048,target,ood,18.30907202366311,4.840022361526617,8.162058,10.875827,1.085841630998691,7.3504243,5.388542175292969,human,False,False,10x 3' v3,10x,False,m1_v07
TSP2_Lung_proxmedialdistal_10X_1_1_CAGGCCATCACCTACC,non-classical monocyte,CL:0000875,human,TSP2,human,lung,UBERON:0002048,target,ood,16.819458131334265,4.568976131219809,8.253296,14.376457,0.8526903995472265,9.587103,5.772706031799316,human,False,False,10x 3' v3,10x,False,m1_v07
TSP2_Lung_proxmedialdistal_10X_1_1_TTAGTCTAGAGGCGGA,non-classical monocyte,CL:0000875,human,TSP2,human,lung,UBERON:0002048,target,ood,17.886387207303432,4.899474715168328,10.15904,10.775142,0.8872644409504267,8.328468,5.416550159454346,human,False,False,10x 3' v3,10x,False,m1_v07
TSP2_Lung_proxmedialdistal_10X_1_1_AGGAATAAGTAGACCG,non-classical monocyte,CL:0000875,human,TSP2,human,lung,UBERON:0002048,target,ood,17.90419615209231,4.514129258264857,9.8590355,13.97595,0.5697357244179531,7.387011,5.353199005126953,human,False,False,10x 3' v3,10x,False,m1_v07
TSP14_Lung_distal_SS2_B134542_D101264_Immune_P8,non-classical monocyte,CL:0000875,human,TSP14,human,lung,UBERON:0002048,target,ood,13.921113540530266,2.156447260518452,8.492,7.6650186,4.089068796381368,12.104006,10.189875602722168,human,False,False,Smart-seq2,Smart-seq2,False,m1_v07
TSP2_Lung_proxmedialdistal_10X_1_1_GATTGGTCATGTCAGT,non-classical monocyte,CL:0000875,human,TSP2,human,lung,UBERON:0002048,target,ood,23.591757969623945,-2.473500128282275,9.013232,14.918471,8.937735486186353,12.895987,11.796534538269043,human,True,False,10x 3' v3,10x,True,m1_v07
TSP2_Lung_proxmedialdistal_10X_1_1_CATTTCATCTCCCATG,non-classical monocyte,CL:0000875,human,TSP2,human,lung,UBERON:0002048,target,ood,18.009205988583954,4.858477864337562,9.293846,11.013001,0.9091078605784356,6.960671,4.921276569366455,human,False,False,10x 3' v3,10x,False,m1_v07
TSP2_Lung_proxmedialdistal_10X_1_2_CTGTGGGTCGGCATCG,non-classical monocyte,CL:0000875,human,TSP2,human,lung,UBERON:0002048,target,ood,18.624382855612637,5.006958708502814,7.7361627,10.945018,1.4323896036643216,8.937348,5.91336727142334,human,False,False,10x 3' v3,10x,False,m1_v07
TSP2_Lung_proxmedialdistal_10X_1_2_AGCGCCACATAAGCGG,non-classical monocyte,CL:0000875,human,TSP2,human,lung,UBERON:0002048,target,ood,16.70256513037298,4.373407485396695,6.8426294,14.758904,0.8696129272293053,11.550849,5.245609283447266,human,False,False,10x 3' v3,10x,False,m1_v07
TSP2_Lung_proxmedialdistal_10X_1_1_CATTTCAGTGTATTCG,non-classical monocyte,CL:0000875,human,TSP2,human,lung,UBERON:0002048,target,ood,18.013083121615757,4.736104393851733,9.738542,11.595523,0.8105492234454235,5.3721886,5.689526557922363,human,False,False,10x 3' v3,10x,False,m1_v07
TSP2_Lung_proxmedialdistal_10X_1_1_AGACAAACAAACTAGA,non-classical monocyte,CL:0000875,human,TSP2,human,lung,UBERON:0002048,target,ood,18.219530447265907,4.967809047251022,8.554528,10.705152,1.1201511864347151,7.618011,5.591590881347656,human,False,False,10x 3' v3,10x,False,m1_v07
TSP2_Lung_proxmedialdistal_10X_1_2_CCTCAGTAGGCACTCC,non-classical monocyte,CL:0000875,human,TSP2,human,lung,UBERON:0002048,target,ood,18.285865372763297,2.914728428584684,6.147957,14.230436,1.399818347199587,12.065143,8.206014633178711,human,False,False,10x 3' v3,10x,False,m1_v07
TSP2_Lung_proxmedialdistal_10X_1_2_CGTAATGCATACCGTA,non-classical monocyte,CL:0000875,human,TSP2,human,lung,UBERON:0002048,target,ood,17.908493889104484,4.627946135772908,8.101971,13.441996,0.6614560991382107,8.935139,6.355573654174805,human,False,False,10x 3' v3,10x,False,m1_v07
TSP2_Lung_proxmedialdistal_10X_1_1_GCATGATCAACGGTAG,non-classical monocyte,CL:0000875,human,TSP2,human,lung,UBERON:0002048,target,ood,18.729966700307873,5.169884799432073,8.070327,10.285179,1.6188554947551528,9.862198,5.412283897399902,human,False,False,10x 3' v3,10x,False,m1_v07
TSP2_Lung_proxmedialdistal_10X_1_1_ATTTCACCAGACCCGT,non-classical monocyte,CL:0000875,human,TSP2,human,lung,UBERON:0002048,target,ood,18.35031901456966,4.98787429288015,8.313828,10.414297,1.2203717385513597,8.504219,5.935995578765869,human,False,False,10x 3' v3,10x,False,m1_v07
TSP14_Lung_Proximal_10X_1_1_TGCATCCAGCCACAAG,non-classical monocyte,CL:0000875,human,TSP14,human,lung,UBERON:0002048,target,ood,16.958207074921525,5.791261791852229,7.226184,13.344358,1.7936261467298111,11.369912,4.841890335083008,human,False,False,10x 3' v3,10x,False,m1_v07
TSP2_Lung_proxmedialdistal_10X_1_1_AGGTCTACATGGCACC,non-classical monocyte,CL:0000875,human,TSP2,human,lung,UBERON:0002048,target,ood,16.73657642148502,4.302854430671706,6.0518575,13.838944,0.8163167912154576,9.19797,6.107783317565918,human,False,False,10x 3' v3,10x,False,m1_v07
TSP2_Lung_proxmedialdistal_10X_1_1_GTGCTTCGTAGCCCTG,non-classical monocyte,CL:0000875,human,TSP2,human,lung,UBERON:0002048,target,ood,18.23213286916951,4.539949046673112,8.553539,12.739864,0.8389189906666326,7.677178,5.501348495483398,human,False,False,10x 3' v3,10x,False,m1_v07
TSP2_Lung_proxmedialdistal_10X_1_2_TGTGTGAAGGGTTAGC,non-classical monocyte,CL:0000875,human,TSP2,human,lung,UBERON:0002048,target,ood,18.117725273178255,4.855634950152208,8.663357,11.093087,0.9690675513241616,8.297827,6.215576171875,human,False,False,10x 3' v3,10x,False,m1_v07
TSP2_Lung_proxmedialdistal_10X_1_1_GTGGAGAAGATGTTAG,non-classical monocyte,CL:0000875,human,TSP2,human,lung,UBERON:0002048,target,ood,18.371850141290246,4.492914352687861,7.981149,12.655527,0.9385490423400082,7.508458,5.238434791564941,human,False,False,10x 3' v3,10x,False,m1_v07
TSP25_Lung_Proximal_10X_1_1_GTAGATCAGTTCCAGT,non-classical monocyte,CL:0000875,human,TSP25,human,lung,UBERON:0002048,target,ood,16.323653006685802,4.429568290186372,7.139174,14.359628,1.2480899647076393,11.032219,5.6164231300354,human,False,False,10x 3' v3,10x,False,m1_v07
TSP2_Lung_proxmedialdistal_10X_1_2_TCGCAGGGTACGCTAT,non-classical monocyte,CL:0000875,human,TSP2,human,lung,UBERON:0002048,target,ood,16.43624322198523,4.52225499772322,7.3458967,14.9106045,1.1711769115154265,15.728617,7.988029956817627,human,False,True,10x 3' v3,10x,True,m1_v07
TSP14_Lung_distal_SS2_B134542_D101264_Immune_M18,non-classical monocyte,CL:0000875,human,TSP14,human,lung,UBERON:0002048,target,ood,13.507111477875082,1.6968309864177114,9.068497,7.7604685,4.675846740856883,12.466485,8.859487533569336,human,True,False,Smart-seq2,Smart-seq2,True,m1_v07
TSP2_Lung_proxmedialdistal_10X_1_1_TCCCACATCTGGGATT,non-classical monocyte,CL:0000875,human,TSP2,human,lung,UBERON:0002048,target,ood,18.58473675235403,4.746774365427583,7.6301622,11.438115,1.247522155023596,9.349681,6.019561767578125,human,False,False,10x 3' v3,10x,False,m1_v07
TSP2_Lung_proxmedialdistal_10X_1_1_ATGGTTGCACAAGCAG,non-classical monocyte,CL:0000875,human,TSP2,human,lung,UBERON:0002048,target,ood,16.653642607448994,4.344230263593898,6.9300036,14.7444,0.9073684059900989,10.46657,4.879973888397217,human,False,False,10x 3' v3,10x,False,m1_v07
TSP1_Lung_Proximal_SS2_B107810_B107810Blue_Immune_L3,non-classical monocyte,CL:0000875,human,TSP1,human,lung,UBERON:0002048,target,ood,13.597625219262863,1.8469452340267387,9.3687725,7.6217966,4.5220244947810535,12.182606,7.307003498077393,human,False,False,Smart-seq2,Smart-seq2,False,m1_v07
TSP25_Lung_Proximal_10X_1_1_AGGTTACAGCAACTTC,non-classical monocyte,CL:0000875,human,TSP25,human,lung,UBERON:0002048,target,ood,16.438177157618565,4.600920589216279,7.0036755,13.472414,1.2007264487722595,10.460818,7.74427604675293,human,False,False,10x 3' v3,10x,False,m1_v07
TSP2_Lung_proxmedialdistal_10X_1_1_TCCATGCCAAGACAAT,non-classical monocyte,CL:0000875,human,TSP2,human,lung,UBERON:0002048,target,ood,18.061038137430668,4.559146449536402,8.423501,12.99588,0.7131457892438061,6.627276,5.386188983917236,human,False,False,10x 3' v3,10x,False,m1_v07
TSP2_Lung_proxmedialdistal_10X_1_2_ATCCATTAGCAATTAG,non-classical monocyte,CL:0000875,human,TSP2,human,lung,UBERON:0002048,target,ood,17.30233161039505,4.5203197750735855,9.694891,14.144703,0.4848368713299616,7.1845417,6.386890411376953,human,False,False,10x 3' v3,10x,False,m1_v07
TSP2_Lung_proxmedialdistal_10X_1_1_TGTACAGCATAAGCAA,non-classical monocyte,CL:0000875,human,TSP2,human,lung,UBERON:0002048,target,ood,18.5187729401829,4.799936287469655,7.284407,11.304529,1.2220923771173,8.181138,4.863068103790283,human,False,False,10x 3' v3,10x,False,m1_v07
TSP2_Lung_proxmedialdistal_10X_1_2_CTCCCTCCATCGTGCG,non-classical monocyte,CL:0000875,human,TSP2,human,lung,UBERON:0002048,target,ood,18.22897169766472,4.886776347686821,9.943481,11.041202,1.064027380442162,7.9041114,6.275351524353027,human,False,False,10x 3' v3,10x,False,m1_v07
TSP2_Lung_proxmedialdistal_10X_1_2_TTGGATGTCTGACGCG,non-classical monocyte,CL:0000875,human,TSP2,human,lung,UBERON:0002048,target,ood,18.6647905151,4.932057964211919,7.866693,10.822595,1.417891339438873,8.423034,5.868910789489746,human,False,False,10x 3' v3,10x,False,m1_v07
TSP2_Lung_proxmedialdistal_10X_1_2_ACTCTCGAGTAGGAAG,non-classical monocyte,CL:0000875,human,TSP2,human,lung,UBERON:0002048,target,ood,24.32402781026203,-3.445277717088607,5.997875,12.602345,10.149125865909774,13.2165,6.942284107208252,human,True,False,10x 3' v3,10x,True,m1_v07
TSP2_Lung_proxmedialdistal_10X_1_1_TGAACGTAGCTGTGCC,non-classical monocyte,CL:0000875,human,TSP2,human,lung,UBERON:0002048,target,ood,17.631631901302544,4.99995399758397,8.073925,13.507109,0.9168631420162521,7.938109,5.389717102050781,human,False,False,10x 3' v3,10x,False,m1_v07
TSP14_Lung_distal_SS2_B134543_D101269_Immune_N8,non-classical monocyte,CL:0000875,human,TSP14,human,lung,UBERON:0002048,target,ood,13.245699284957588,0.3805752419631293,9.343929,7.3532414,5.662436187474923,20.990519,8.423733711242676,human,True,True,Smart-seq2,Smart-seq2,True,m1_v07
TSP2_Lung_proxmedialdistal_10X_1_2_CTGCAGGAGCAGCCTC,non-classical monocyte,CL:0000875,human,TSP2,human,lung,UBERON:0002048,target,ood,17.447118374157334,5.084708928739465,8.266429,11.954094,0.998337985998061,6.6081414,6.547266483306885,human,False,False,10x 3' v3,10x,False,m1_v07
TSP2_Lung_proxmedialdistal_SS2_B113373_B134458_Stromal_J5,non-classical monocyte,CL:0000875,human,TSP2,human,lung,UBERON:0002048,target,ood,13.55373139964193,1.770598998448806,8.89465,7.966923,4.598216230445828,11.537185,9.367867469787598,human,False,False,Smart-seq2,Smart-seq2,False,m1_v07
TSP1_Lung_Proximal_SS2_B107810_B107810Blue_Immune_O6,non-classical monocyte,CL:0000875,human,TSP1,human,lung,UBERON:0002048,target,ood,13.522724584761486,1.7836576606059351,8.598352,7.0377674,4.618485149634245,16.476505,8.485733032226562,human,False,True,Smart-seq2,Smart-seq2,True,m1_v07
TSP14_Lung_Distal_10X_1_1_CTCCAACGTGTTCCAA,non-classical monocyte,CL:0000875,human,TSP14,human,lung,UBERON:0002048,target,ood,16.813719092316433,5.472544022801247,7.339575,14.128116,1.5551041063471986,14.00697,5.367291450500488,human,False,False,10x 3' v3,10x,False,m1_v07
TSP1_Lung_Proximal_10X3primev31_1_1_AGGTTGTTCTCTCCGA,non-classical monocyte,CL:0000875,human,TSP1,human,lung,UBERON:0002048,target,ood,17.9743906565606,5.324939934748111,10.907563,9.132025,1.3149299996789148,8.783606,4.517672061920166,human,False,False,10x 3' v3,10x,False,m1_v07
TSP14_Lung_Proximal_10X_1_1_TTGCGTCGTACCTAAC,non-classical monocyte,CL:0000875,human,TSP14,human,lung,UBERON:0002048,target,ood,16.969727443978204,5.78230526655259,7.462455,13.726524,1.7815089755512985,14.408886,6.003953456878662,human,False,False,10x 3' v3,10x,False,m1_v07
TSP1_Lung_Proximal_10X3primev31_1_1_AACAGGGAGCGAACTG,non-classical monocyte,CL:0000875,human,TSP1,human,lung,UBERON:0002048,target,ood,17.867679310913672,5.112635487952474,10.60065,9.059689,1.0792814934094241,8.199951,4.807409763336182,human,False,False,10x 3' v3,10x,False,m1_v07
TSP2_Lung_proxmedialdistal_10X_1_1_GTCATTTAGACCTTTG,non-classical monocyte,CL:0000875,human,TSP2,human,lung,UBERON:0002048,target,ood,18.04797697262656,4.471423232608928,8.497258,13.889351,0.648079311363738,6.6675444,5.656440734863281,human,False,False,10x 3' v3,10x,False,m1_v07
TSP2_Lung_proxmedialdistal_10X_1_2_CTACCTGGTTTCTATC,non-classical monocyte,CL:0000875,human,TSP2,human,lung,UBERON:0002048,target,ood,17.86873674520476,4.71342861738753,10.416221,11.758767,0.712709557903565,8.320149,5.0953803062438965,human,False,False,10x 3' v3,10x,False,m1_v07
TSP2_Lung_proxmedialdistal_10X_1_1_TGCTCGTAGTGATCGG,non-classical monocyte,CL:0000875,human,TSP2,human,lung,UBERON:0002048,target,ood,18.546403462893398,4.837983707227847,7.30948,11.6083145,1.2667819243632672,7.6080503,4.813508033752441,human,False,False,10x 3' v3,10x,False,m1_v07
TSP2_Lung_proxmedialdistal_10X_1_1_AGGAAATGTGATAGAT,non-classical monocyte,CL:0000875,human,TSP2,human,lung,UBERON:0002048,target,ood,17.716480476147247,4.787342538831011,9.166519,10.902278,0.7238948423766757,8.067226,5.438587665557861,human,False,False,10x 3' v3,10x,False,m1_v07
TSP1_Lung_Medial_10X3primev31_1_1_TGAGACTCACCTTCCA,non-classical monocyte,CL:0000875,human,TSP1,human,lung,UBERON:0002048,target,ood,17.855058492070444,5.2550643899194425,11.198684,9.164578,1.2116580657669231,7.074578,4.335958003997803,human,False,False,10x 3' v3,10x,False,m1_v07
TSP2_Lung_proxmedialdistal_10X_1_2_ATCACGACATTGTGCA,non-classical monocyte,CL:0000875,human,TSP2,human,lung,UBERON:0002048,target,ood,18.30752206881513,4.529752472979168,8.498536,12.628563,0.8983774426939234,7.8491893,6.087395191192627,human,False,False,10x 3' v3,10x,False,m1_v07
TSP2_Lung_proxmedialdistal_10X_1_2_AAATGGAAGGTCACTT,non-classical monocyte,CL:0000875,human,TSP2,human,lung,UBERON:0002048,target,ood,17.268164544752597,4.6538744312488305,8.063608,12.006666,0.6199689399610504,7.937689,7.817732334136963,human,False,False,10x 3' v3,10x,False,m1_v07
TSP2_Lung_proxmedialdistal_10X_1_2_TCAATTCGTTGTCTAG,non-classical monocyte,CL:0000875,human,TSP2,human,lung,UBERON:0002048,target,ood,18.019381312195975,4.959842870541501,10.344762,11.565535,1.0013193820245507,9.0442505,6.207038879394531,human,False,False,10x 3' v3,10x,False,m1_v07
TSP2_Lung_proxmedialdistal_10X_1_2_TGTTGGAAGTATAACG,non-classical monocyte,CL:0000875,human,TSP2,human,lung,UBERON:0002048,target,ood,24.41759558226017,-3.387303929163674,6.5906177,11.599641,10.169350200119924,15.257952,7.55538272857666,human,True,True,10x 3' v3,10x,True,m1_v07
TSP2_Lung_proxmedialdistal_10X_1_2_AGAAGTAAGAGATCGC,non-classical monocyte,CL:0000875,human,TSP2,human,lung,UBERON:0002048,target,ood,18.017389060402095,4.586396351797268,9.607438,13.206945,0.6999907923524158,8.306558,5.040356159210205,human,False,False,10x 3' v3,10x,False,m1_v07
TSP2_Lung_proxmedialdistal_10X_1_2_TGCGATACAGAATCGG,non-classical monocyte,CL:0000875,human,TSP2,human,lung,UBERON:0002048,target,ood,18.450151678981733,4.639889438964671,8.328474,12.373425,1.0769996290183297,8.290958,5.975081920623779,human,False,False,10x 3' v3,10x,False,m1_v07
TSP2_Lung_proxmedialdistal_10X_1_1_CCCTAACAGGGTGAAA,non-classical monocyte,CL:0000875,human,TSP2,human,lung,UBERON:0002048,target,ood,18.17430062225474,4.868221723698946,9.207174,11.047356,1.0143304542271374,6.6804914,4.903756141662598,human,False,False,10x 3' v3,10x,False,m1_v07
TSP2_Lung_proxmedialdistal_10X_1_1_GAAGGGTAGTGGACGT,non-classical monocyte,CL:0000875,human,TSP2,human,lung,UBERON:0002048,target,ood,18.56753679668573,5.201520729223529,9.344238,10.42345,1.524739526923259,13.691681,7.0185723304748535,human,False,False,10x 3' v3,10x,False,m1_v07
TSP2_Lung_proxmedialdistal_10X_1_1_TGATCTTCACGAGGTA,non-classical monocyte,CL:0000875,human,TSP2,human,lung,UBERON:0002048,target,ood,18.072283718368915,4.848154415918114,9.7307,11.132316,0.9358595702682607,7.261606,5.303787708282471,human,False,False,10x 3' v3,10x,False,m1_v07
TSP1_Lung_Proximal_10X3primev31_1_1_GCCAACGAGGTCTTTG,non-classical monocyte,CL:0000875,human,TSP1,human,lung,UBERON:0002048,target,ood,17.300394319341017,6.145724925992324,9.382974,14.7348,2.0685257589557065,17.438698,6.605510234832764,human,False,True,10x 3' v3,10x,True,m1_v07
TSP2_Lung_proxmedialdistal_10X_1_1_TACCCACCAGTCGCAC,non-classical monocyte,CL:0000875,human,TSP2,human,lung,UBERON:0002048,target,ood,18.45189941563885,5.098369163257458,9.177919,10.040073,1.3704640236004084,10.378121,4.870643615722656,human,False,False,10x 3' v3,10x,False,m1_v07
TSP2_Lung_proxmedialdistal_10X_1_2_GTTGTCCCACGGTGAA,non-classical monocyte,CL:0000875,human,TSP2,human,lung,UBERON:0002048,target,ood,17.723844344145668,4.514624911977611,9.248081,13.188479,0.46966312398126925,5.7188873,5.581706523895264,human,False,False,10x 3' v3,10x,False,m1_v07
TSP1_Lung_Medial_10X3primev31_1_1_GTAGAGGAGGCCCGTT,non-classical monocyte,CL:0000875,human,TSP1,human,lung,UBERON:0002048,target,ood,17.866026425540955,5.198012596893148,11.349485,9.11122,1.1600570482449335,8.899066,5.555392742156982,human,False,False,10x 3' v3,10x,False,m1_v07
TSP1_Lung_Distal_10X3primev31_1_1_CACCAAAGTAGGTCAG,non-classical monocyte,CL:0000875,human,TSP1,human,lung,UBERON:0002048,target,ood,17.969852364874214,5.35945092361422,10.595423,9.279742,1.3459012433650683,8.843325,5.986501216888428,human,False,False,10x 3' v3,10x,False,m1_v07
TSP2_Lung_proxmedialdistal_10X_1_1_AGACAAAAGTAATTGG,non-classical monocyte,CL:0000875,human,TSP2,human,lung,UBERON:0002048,target,ood,24.320514214978765,-3.444448439505913,6.8865438,13.685852,10.146156442373078,12.277152,8.678739547729492,human,True,False,10x 3' v3,10x,True,m1_v07
TSP1_Lung_MedialDistal_SS2_B107811_B107811Blue_Immune_H3,non-classical monocyte,CL:0000875,human,TSP1,human,lung,UBERON:0002048,target,ood,13.498261804658084,1.6493740691617658,9.776358,8.233839,4.707872496962782,14.258706,6.8797807693481445,human,True,False,Smart-seq2,Smart-seq2,True,m1_v07
TSP2_Lung_proxmedialdistal_10X_1_1_TAAGCACTCCCAGGCA,non-classical monocyte,CL:0000875,human,TSP2,human,lung,UBERON:0002048,target,ood,16.668476676114796,4.718691472016329,7.611765,15.005706,1.0624455744199846,14.060567,10.390477180480957,human,False,False,10x 3' v3,10x,False,m1_v07
TSP1_Lung_Medial_10X3primev31_1_1_TTACTGTAGCGACTAG,non-classical monocyte,CL:0000875,human,TSP1,human,lung,UBERON:0002048,target,ood,17.810018396202263,5.818623170568113,11.173486,9.907824,1.7526651768777277,9.657775,6.751795768737793,human,False,False,10x 3' v3,10x,False,m1_v07
TSP2_Lung_proxmedialdistal_10X_1_2_AGGCCACCATGGAATA,non-classical monocyte,CL:0000875,human,TSP2,human,lung,UBERON:0002048,target,ood,17.750811646561136,4.628456149185297,8.942488,13.32982,0.5846661445166534,6.4282093,6.118819236755371,human,False,False,10x 3' v3,10x,False,m1_v07
TSP2_Lung_proxmedialdistal_10X_1_2_AGGATAATCCTCCACA,non-classical monocyte,CL:0000875,human,TSP2,human,lung,UBERON:0002048,target,ood,16.50847265911185,4.660036881059136,8.106877,15.007593,1.1653054345225555,13.757163,7.3433637619018555,human,False,False,10x 3' v3,10x,False,m1_v07
TSP2_Lung_proxmedialdistal_10X_1_1_CTTTCGGCACAGTGTT,non-classical monocyte,CL:0000875,human,TSP2,human,lung,UBERON:0002048,target,ood,16.79489301583452,4.286217556227601,6.192096,14.123009,0.7556792851891564,9.857328,5.5459513664245605,human,False,False,10x 3' v3,10x,False,m1_v07
TSP2_Lung_proxmedialdistal_10X_1_1_CTCCTCCTCCACACAA,non-classical monocyte,CL:0000875,human,TSP2,human,lung,UBERON:0002048,target,ood,18.01025099236747,4.434763242387002,8.96043,13.281783,0.5960398891606887,7.337237,4.956356525421143,human,False,False,10x 3' v3,10x,False,m1_v07
TSP14_Lung_proximal_SS2_B134631_D101271_Epithelial_C13,non-classical monocyte,CL:0000875,human,TSP14,human,lung,UBERON:0002048,target,ood,13.43931395010769,1.520552579858716,9.100153,7.3178744,4.825707851901917,16.136265,8.258068084716797,human,True,True,Smart-seq2,Smart-seq2,True,m1_v07
TSP2_Lung_proxmedialdistal_10X_1_1_CCACACTTCACAACCA,non-classical monocyte,CL:0000875,human,TSP2,human,lung,UBERON:0002048,target,ood,16.93064380697803,4.4126367222379335,8.299806,14.789266,0.6761256342538204,8.648062,5.8808512687683105,human,False,False,10x 3' v3,10x,False,m1_v07
TSP2_Lung_proxmedialdistal_10X_1_2_TGGGTTAAGGGTGAAA,non-classical monocyte,CL:0000875,human,TSP2,human,lung,UBERON:0002048,target,ood,18.18417011153469,4.656522039340522,9.349951,11.775614,0.8699673348003101,6.963645,5.261496067047119,human,False,False,10x 3' v3,10x,False,m1_v07
TSP2_Lung_proxmedialdistal_10X_1_1_TGGAGGAAGAGTACCG,non-classical monocyte,CL:0000875,human,TSP2,human,lung,UBERON:0002048,target,ood,17.24133693178427,4.546295455947689,9.166493,14.427143,0.5375410751275514,7.7733417,6.4104228019714355,human,False,False,10x 3' v3,10x,False,m1_v07
TSP1_Lung_Proximal_10X3primev31_1_1_ATTACCTAGACCAAGC,non-classical monocyte,CL:0000875,human,TSP1,human,lung,UBERON:0002048,target,ood,17.930129114801833,5.211155509508745,10.957015,8.864326,1.1928718634062276,8.214489,5.972772121429443,human,False,False,10x 3' v3,10x,False,m1_v07
TSP2_Lung_proxmedialdistal_10X_1_2_ACTTCCGGTCAAGTTC,non-classical monocyte,CL:0000875,human,TSP2,human,lung,UBERON:0002048,target,ood,18.41451866722034,5.016279793356676,10.187773,11.2960825,1.2850357956731477,8.054673,4.955635070800781,human,False,False,10x 3' v3,10x,False,m1_v07
TSP2_Lung_proxmedialdistal_10X_1_2_TTCTAGTAGTGCTACT,non-classical monocyte,CL:0000875,human,TSP2,human,lung,UBERON:0002048,target,ood,18.374552970464354,4.7950757793269805,7.6542625,10.58461,1.1048225460907946,8.13819,5.216958522796631,human,False,False,10x 3' v3,10x,False,m1_v07
