names,scores,logfoldchanges,pvals,pvals_adj
ENSG00000173482,5.197066,4.147402,2.024585818723565e-07,0.00020245858187235648
ENSG00000116016,5.0380054,4.923131,4.7040868677902937e-07,0.0002352043433895147
ENSG00000100234,4.8140216,5.211603,1.4792272459593665e-06,0.0004930757486531222
ENSG00000125968,4.5445924,4.090264,5.504168170861978e-06,0.0013234721926696704
ENSG00000054654,4.5056386,4.060422,6.617360963348352e-06,0.0013234721926696704
ENSG00000172889,4.323855,4.45029,1.533261124983484e-05,0.0025554352083058066
ENSG00000027075,4.271917,3.1798139,1.9379991104702857e-05,0.0027208928617464116
ENSG00000152583,4.245948,5.0603843,2.1767142893971294e-05,0.0027208928617464116
ENSG00000240583,4.1485634,4.3707814,3.345679704897884e-05,0.0037174218943309824
ENSG00000169744,4.106364,6.607284,4.0193633368937504e-05,0.0040193633368937505
ENSG00000120549,4.0284567,5.9102187,5.6144253187490325e-05,0.005104023017044575
ENSG00000105974,3.9862566,5.0328608,6.712389408955451e-05,0.005133199270339694
ENSG00000169908,3.9797645,5.1925054,6.898359651126138e-05,0.005133199270339694
ENSG00000109686,3.970026,4.572845,7.186478978475572e-05,0.005133199270339694
ENSG00000095637,3.9505491,4.9028144,7.797207513892583e-05,0.005198138342595056
ENSG00000144218,3.898611,4.7063866,9.67460596672014e-05,0.006046628729200087
ENSG00000148516,3.7882423,4.0447745,0.00015171684638641918,0.008924520375671716
ENSG00000184113,3.7655194,4.30588,0.00016620325441453262,0.009233514134140702
ENSG00000183580,3.7460425,6.9787774,0.00017964615483997122,0.009455060781051117
ENSG00000165810,3.707089,5.8553863,0.00020965538525058179,0.010242532414033273
ENSG00000064989,3.7005966,2.8774993,0.00021509318069469876,0.010242532414033273
ENSG00000113594,3.6746275,5.9078574,0.0002381966761584095,0.010827121643564069
ENSG00000131477,3.6356738,5.0477104,0.0002772549376877991,0.012054562508165178
ENSG00000204217,3.5804894,2.6072762,0.00034295110646212284,0.014289629435921785
ENSG00000117020,3.3954597,2.0011787,0.00068513463107024,0.0274053852428096
ENSG00000196628,3.356506,1.8062464,0.000789339978634687,0.03028137638560277
ENSG00000163697,3.3467677,7.2437015,0.0008175971624112748,0.03028137638560277
ENSG00000020577,3.285091,2.6710048,0.0010194943347977955,0.03597374492489204
ENSG00000068001,3.2785988,3.6157598,0.0010432386028218692,0.03597374492489204
ENSG00000127329,3.2299068,5.372855,0.0012383063000416064,0.04077961836150991
ENSG00000149564,3.2006915,4.9032044,0.0013709826001229249,0.04077961836150991
ENSG00000122786,3.2006915,5.021395,0.0013709826001229249,0.04077961836150991
ENSG00000120278,3.1974454,5.1355658,0.001386507024291337,0.04077961836150991
ENSG00000276644,3.1552455,4.4676313,0.0016036309444896815,0.045818026985419466
ENSG00000110799,3.142261,4.767721,0.0016764853641844757,0.04656903789401322
ENSG00000102755,3.1227841,4.4168653,0.0017914908329667045,0.048418671161262285
ENSG00000152894,3.1033072,4.2058682,0.0019137080192048975,0.050360737347497304
ENSG00000184557,3.0838306,2.0379527,0.0020435398933491976,0.05164870522693729
ENSG00000095370,3.0805843,2.4856586,0.0020659482090774916,0.05164870522693729
ENSG00000188559,3.0383847,1.8025111,0.00237850203114003,0.05591286097390993
ENSG00000081803,3.0351384,3.8123622,0.0024042530218781268,0.05591286097390993
ENSG00000177606,3.0351384,1.850473,0.0024042530218781268,0.05591286097390993
ENSG00000150938,2.9832003,4.0254126,0.002852513045717314,0.0633891787937181
ENSG00000134352,2.908539,2.0400662,0.003631217888418514,0.07893951931344596
ENSG00000176435,2.8890622,6.2148657,0.003863925675800143,0.0805301147658321
ENSG00000099250,2.8760777,2.7235582,0.0040265057382916055,0.0805301147658321
ENSG00000163638,2.8760777,5.789028,0.0040265057382916055,0.0805301147658321
ENSG00000156049,2.8760777,6.648978,0.0040265057382916055,0.0805301147658321
ENSG00000150907,2.8695855,1.8216724,0.004110102854184154,0.08059025204282655
ENSG00000135048,2.8533547,1.8197166,0.004326029984241905,0.08319288431234434
ENSG00000164035,2.7916782,5.171216,0.005243548632565647,0.0989348798597292
ENSG00000131634,2.7722013,4.602456,0.005567859131968939,0.09942605592801676
ENSG00000182809,2.674817,3.991891,0.00747700091697232,0.12672882910122577
ENSG00000114423,2.6553404,1.8514911,0.007922842276588148,0.13204737127646912
ENSG00000198959,2.648848,3.7012439,0.008076662661999318,0.13240430593441505
ENSG00000117318,2.5904176,3.460897,0.009585956251204984,0.15215803573341244
ENSG00000117519,2.551464,3.4089782,0.01072714150597244,0.16503294624572984
ENSG00000186260,2.5190027,2.1399405,0.01176877890601345,0.1783148319092947
ENSG00000134138,2.5027719,7.07979,0.012322492985740285,0.18121313214323947
ENSG00000136237,2.4832952,6.4253225,0.013017320478593554,0.18596172112276504
ENSG00000100154,2.460572,3.0784533,0.01387156880409921,0.19266067783471127
ENSG00000090975,2.434603,5.3585577,0.014908135230284105,0.20236943637670024
ENSG00000166292,2.41188,4.650808,0.015870501278104344,0.2079525997694614
ENSG00000170989,2.389157,4.8601418,0.016887079503115486,0.21376050003943653
ENSG00000109762,2.3696802,2.6174126,0.01780347332864238,0.22254341660802976
ENSG00000187720,2.3566957,4.239409,0.018438347937765526,0.2248579016800674
ENSG00000151276,2.3274806,4.673623,0.019939706129193758,0.23458477799051478
ENSG00000075391,2.3112497,2.2841983,0.02081906083589989,0.242082102743022
ENSG00000147862,2.3047576,2.5777743,0.02118015690016239,0.2434500793122114
ENSG00000139567,2.2982652,4.159455,0.021546696694734763,0.2448488260765314
ENSG00000065054,2.2463272,2.5983915,0.02468306671148714,0.2742562967943016
ENSG00000144642,2.2463272,3.6238704,0.02468306671148714,0.2742562967943016
ENSG00000184005,2.2171118,1.3130465,0.02661545122093414,0.28929838283624065
ENSG00000179776,2.2106194,3.5397358,0.02706219405453887,0.29099133391977283
ENSG00000157985,2.148943,3.0879867,0.031638923690041836,0.33304130200044035
ENSG00000168685,2.1392045,3.1674366,0.03241910796001608,0.33769904125016753
ENSG00000106991,2.1099894,2.103701,0.034859278581579216,0.3557069243018287
ENSG00000134531,2.0872664,3.5041883,0.0368640669074871,0.3649907614602683
ENSG00000148180,2.0645432,1.2373706,0.03896622675273159,0.37764127481383025
ENSG00000111885,2.0612972,0.9519782,0.03927469258063834,0.37764127481383025
ENSG00000174059,2.0385742,5.4426274,0.041492535776403536,0.3873349384809854
ENSG00000261371,2.0353281,0.86518157,0.041817867713531805,0.3873349384809854
ENSG00000170571,2.0255897,1.5984784,0.04280684624460926,0.3873349384809854
ENSG00000047617,2.0190973,5.177283,0.043477092737491715,0.3873349384809854
ENSG00000179348,2.0190973,4.728084,0.043477092737491715,0.3873349384809854
ENSG00000131016,2.0126052,5.447726,0.04415618298683233,0.3873349384809854
ENSG00000176390,1.9639131,1.2780361,0.04954016967262477,0.4145652227733394
ENSG00000169946,1.960667,4.43698,0.049917884644565556,0.4145652227733394
ENSG00000164741,1.9476824,2.7061143,0.05145297497886744,0.4145652227733394
ENSG00000203883,1.9476824,4.0621047,0.05145297497886744,0.4145652227733394
ENSG00000131370,1.9411901,1.071363,0.052235218069440766,0.4145652227733394
ENSG00000156675,1.9411901,1.3031129,0.052235218069440766,0.4145652227733394
ENSG00000134871,1.9346979,4.1438255,0.05302738191427489,0.41740010046486903
ENSG00000134954,1.9314517,2.466638,0.053427212859503234,0.41740010046486903
ENSG00000141753,1.9022365,3.5431383,0.0571402435205567,0.43954033477351306
ENSG00000109099,1.8924981,2.2280343,0.0584246486532877,0.44589452334821733
ENSG00000127528,1.889252,1.119186,0.058858077081964694,0.44589452334821733
ENSG00000120738,1.8762674,1.3678957,0.060618571484784375,0.4523773991401819
ENSG00000185420,1.866529,1.2274363,0.06196739266953131,0.4590177234780097
ENSG00000197747,1.843806,0.7821995,0.06521141453074535,0.4759957265017908
ENSG00000158321,1.8243293,2.0099158,0.0681023185498006,0.4899447377683496
ENSG00000162734,1.8145908,2.052433,0.06958681929669254,0.49352354111129465
ENSG00000149131,1.8113446,2.0770147,0.0700875181065479,0.49357407117287255
ENSG00000235750,1.7983601,3.347285,0.07211996128428444,0.5008330644741975
ENSG00000138767,1.7853756,1.1202338,0.07420042159575978,0.5047647727602707
ENSG00000169504,1.7853756,1.265063,0.07420042159575978,0.5047647727602707
ENSG00000166233,1.7756371,0.7260273,0.07579274446744834,0.5086761373654252
ENSG00000150687,1.7594064,1.9277608,0.07850849678677109,0.519923819779941
ENSG00000111341,1.7464219,2.8925328,0.08073766674180569,0.5311688601434584
ENSG00000135218,1.7204528,1.3462592,0.0853501656758341,0.5471164466399622
ENSG00000168878,1.7204528,0.99396294,0.0853501656758341,0.5471164466399622
ENSG00000099204,1.7139605,2.8967679,0.08653597518253524,0.5511845553027722
ENSG00000105223,1.700976,0.9696176,0.08894749777945664,0.5629588467054217
ENSG00000126785,1.6879914,28.350807,0.09141287401624203,0.5677818261878387
ENSG00000178726,1.6814991,1.9272279,0.0926660003455357,0.5720123478119488
ENSG00000171132,1.6555301,0.7433547,0.09781702473822257,0.5892591851700154
ENSG00000105538,1.6392994,5.6288037,0.10115092724214886,0.6056941751026877
ENSG00000085276,1.6360532,2.6113412,0.10182844693413955,0.6061217079413068
ENSG00000101445,1.629561,2.0894628,0.10319432164311058,0.6106172878290567
ENSG00000187498,1.6165764,5.6063213,0.10596974778906301,0.6171235080937938
ENSG00000108932,1.6100842,1.4045506,0.10737949040832012,0.6171235080937938
ENSG00000133121,1.5970995,1.0620589,0.11024351091748133,0.6228446944490471
ENSG00000151623,1.5970995,2.1883106,0.11024351091748133,0.6228446944490471
ENSG00000118007,1.5873612,0.8891024,0.11243086799437726,0.6306807283058095
ENSG00000143995,1.5808688,4.0667834,0.1139080172389588,0.6306807283058095
ENSG00000133687,1.5776228,1.9633327,0.11465230048960905,0.6306807283058095
ENSG00000134109,1.5678843,1.4592034,0.1169081252986683,0.6306807283058095
ENSG00000108622,1.5646383,1.2389662,0.11766776417223943,0.6306807283058095
ENSG00000102531,1.5613921,0.9139955,0.1184312710860985,0.6306807283058095
ENSG00000150048,1.5613921,4.1765037,0.1184312710860985,0.6306807283058095
ENSG00000135363,1.5581459,1.0855674,0.11919865764979799,0.6306807283058095
ENSG00000116824,1.5256846,4.371061,0.12708844107519063,0.6619189639332845
ENSG00000130203,1.4964694,0.66178524,0.13453139560398622,0.6837311828695835
ENSG00000156639,1.4607618,0.685158,0.14408081849041796,0.7062785220118528
ENSG00000112699,1.4477773,1.2232312,0.1476793529925513,0.7065997750839775
ENSG00000124107,1.4477773,0.62143254,0.1476793529925513,0.7065997750839775
ENSG00000181722,1.4477773,0.673953,0.1476793529925513,0.7065997750839775
ENSG00000150672,1.4347928,3.4842484,0.15134617427519456,0.7070711213162124
ENSG00000163453,1.4347928,1.3385229,0.15134617427519456,0.7070711213162124
ENSG00000186153,1.4347928,0.90035737,0.15134617427519456,0.7070711213162124
ENSG00000277494,1.4283005,3.3202028,0.153205400986193,0.7070711213162124
ENSG00000125810,1.4153159,1.043415,0.1569758976752166,0.7167849208914
ENSG00000166348,1.4088236,2.948545,0.1588873299916782,0.7189471945324806
ENSG00000167693,1.3958391,2.7479885,0.1627629629303584,0.7298787575352395
ENSG00000004799,1.3828545,0.9466728,0.1667094785785972,0.7409310159048764
ENSG00000169372,1.3828545,0.7438498,0.1667094785785972,0.7409310159048764
ENSG00000106415,1.3796084,2.7688918,0.16770725572735268,0.7420675032183747
ENSG00000164674,1.3633777,1.4279095,0.17276350744283142,0.7610727200124732
ENSG00000171791,1.3568854,1.3186822,0.17481762056101502,0.7633957229738647
ENSG00000101335,1.3439009,2.3088822,0.17898044484621067,0.7681564156489729
ENSG00000183722,1.3439009,1.7739253,0.17898044484621067,0.7681564156489729
ENSG00000010810,1.3439009,0.79989696,0.17898044484621067,0.7681564156489729
ENSG00000023892,1.3309163,1.1922278,0.18321654665135823,0.7829766950912744
ENSG00000179144,1.3049473,0.9529672,0.19191082029039452,0.8063479844134224
ENSG00000164120,1.2854704,1.8283017,0.19862795501386266,0.8276164792244277
ENSG00000184903,1.2724859,0.78939766,0.20320054939907628,0.8422761613590825
ENSG00000110848,1.2659936,1.910448,0.20551538337161612,0.8422761613590825
ENSG00000206560,1.2659936,1.5654602,0.20551538337161612,0.8422761613590825
ENSG00000187391,1.2659936,28.651531,0.20551538337161612,0.8422761613590825
ENSG00000136717,1.2595013,1.5953045,0.20784932171326043,0.8483645784214712
ENSG00000152061,1.2530091,0.67808086,0.21020242290864366,0.8510219550957233
ENSG00000124145,1.2497629,2.0980613,0.2113861775411754,0.8523636191176427
ENSG00000069667,1.2400244,2.3816464,0.21496634207345078,0.8598653682938031
ENSG00000130522,1.2335322,0.55961,0.21737727123659611,0.8660449053250842
ENSG00000113140,1.2270399,1.4518895,0.21980758560784697,0.8688046861970236
ENSG00000166147,1.2270399,5.306454,0.21980758560784697,0.8688046861970236
ENSG00000112320,1.2140554,4.6235085,0.2247265791897899,0.8778381999601167
ENSG00000049759,1.204317,2.228475,0.22846709288422784,0.888977015113727
ENSG00000171723,1.1848401,1.1699657,0.2360806591857446,0.912949365196517
ENSG00000119655,1.181594,0.28524965,0.23736683495109445,0.912949365196517
ENSG00000213203,1.181594,0.84215355,0.23736683495109445,0.912949365196517
ENSG00000142973,1.1718556,1.8259063,0.2412550399880925,0.918791736460555
ENSG00000107317,1.1686095,3.8950505,0.24256101842558653,0.918791736460555
ENSG00000213145,1.1686095,1.2216632,0.24256101842558653,0.918791736460555
ENSG00000141293,1.1621171,2.3677607,0.24518787106963358,0.9217589137956149
ENSG00000090339,1.1556249,0.8645057,0.24783461763285053,0.9282195416960694
ENSG00000160179,1.1393942,1.9306417,0.2545387675795061,0.9407889574986277
ENSG00000117298,1.1361481,1.4290237,0.25589459643962675,0.9407889574986277
ENSG00000011105,1.1361481,4.031202,0.25589459643962675,0.9407889574986277
ENSG00000168298,1.1199174,0.8753787,0.26274896648574375,0.9570105550415413
ENSG00000116117,1.1166712,3.2915509,0.2641349131914654,0.9570105550415413
ENSG00000132376,1.1166712,1.1283331,0.2641349131914654,0.9570105550415413
ENSG00000157483,1.110179,1.1264654,0.2669219091282946,0.9601507522600524
ENSG00000127152,1.0907022,3.3403797,0.2754039621057305,0.9800852743976173
ENSG00000211445,1.0842099,1.8083543,0.2782717519390213,0.9832924096785206
ENSG00000131374,1.0842099,0.4512864,0.2782717519390213,0.9832924096785206
ENSG00000182240,1.0777177,3.1378183,0.28115979925299794,0.986525611414028
ENSG00000198851,1.0777177,3.1858318,0.28115979925299794,0.986525611414028
ENSG00000198682,1.0679792,1.0550758,0.28552989743155066,0.9896439544222484
ENSG00000175471,1.0517485,0.44391608,0.2929149498188711,1.0
ENSG00000176771,1.0517485,2.398694,0.2929149498188711,1.0
ENSG00000175115,1.0485023,0.61845,0.2944072113293761,1.0
ENSG00000138162,1.0452563,2.292972,0.2959045605241678,1.0
ENSG00000160145,1.038764,2.868835,0.2989145279201857,1.0
ENSG00000124191,1.0322716,2.7076042,0.30194486288882494,1.0
ENSG00000106366,1.0257794,3.0366728,0.30499557466288263,1.0
ENSG00000129538,1.0257794,0.48736882,0.30499557466288263,1.0
ENSG00000103966,1.0257794,0.8177982,0.30499557466288263,1.0
ENSG00000184897,1.0127949,0.633856,0.31115815723934914,1.0
ENSG00000184384,1.0063026,0.5423153,0.31427003815217236,1.0
ENSG00000162739,0.993318,2.04066,0.32055499179268754,1.0
ENSG00000100906,0.98682576,0.5105093,0.32372806441430835,1.0
ENSG00000159189,0.9803335,0.47558177,0.3269215312887067,1.0
ENSG00000148498,0.9803335,2.5540566,0.3269215312887067,1.0
ENSG00000185305,0.95436436,0.49784097,0.3398992272573912,1.0
ENSG00000112182,0.9478721,2.2186627,0.34319456441288276,1.0
ENSG00000155093,0.94137985,1.8993064,0.3465102430196927,1.0
ENSG00000133574,0.9348876,0.4137489,0.3498462480276455,1.0
ENSG00000120694,0.9348876,1.016825,0.3498462480276455,1.0
ENSG00000166508,0.921903,1.9771042,0.35657916798248057,1.0
ENSG00000198821,0.921903,1.9233658,0.35657916798248057,1.0
ENSG00000271503,0.90891844,2.529112,0.36339316749763007,1.0
ENSG00000123094,0.90891844,1.8382397,0.36339316749763007,1.0
ENSG00000134539,0.8959339,2.003935,0.3702880604036528,1.0
ENSG00000198846,0.8959339,2.0174513,0.3702880604036528,1.0
ENSG00000155849,0.8894416,0.4865958,0.3737657756005345,1.0
ENSG00000137501,0.88294935,2.290307,0.3772636308847449,1.0
ENSG00000131469,0.8764571,0.28498408,0.3807815946077501,1.0
ENSG00000156011,0.8764571,1.0080259,0.3807815946077501,1.0
ENSG00000159388,0.87321097,0.6158192,0.38254810672923323,1.0
ENSG00000119522,0.85698026,0.44977194,0.3914557916568524,1.0
ENSG00000124212,0.8439957,27.309885,0.3986718000155899,1.0
ENSG00000024422,0.8439957,26.989714,0.3986718000155899,1.0
ENSG00000038295,0.8439957,27.021116,0.3986718000155899,1.0
ENSG00000116833,0.8439957,28.175785,0.3986718000155899,1.0
ENSG00000081026,0.83750343,1.760665,0.40230964392487534,1.0
ENSG00000170921,0.83750343,0.46600437,0.40230964392487534,1.0
ENSG00000171408,0.8310112,1.6176918,0.4059673216944837,1.0
ENSG00000115163,0.8245189,1.3272475,0.4096447864539441,1.0
ENSG00000158813,0.8050421,1.4308246,0.4207954050510547,1.0
ENSG00000147065,0.8050421,0.36275303,0.4207954050510547,1.0
ENSG00000174485,0.8050421,0.48549536,0.4207954050510547,1.0
ENSG00000163430,0.8017959,4.6625977,0.4226710137293773,1.0
ENSG00000160789,0.7985498,0.6487087,0.4245515104830603,1.0
ENSG00000163788,0.7985498,0.49075964,0.4245515104830603,1.0
ENSG00000114315,0.7985498,1.4674622,0.4245515104830603,1.0
ENSG00000081059,0.79530364,3.8404553,0.4264368881839693,1.0
ENSG00000154678,0.79530364,4.283891,0.4264368881839693,1.0
ENSG00000172554,0.79530364,4.701297,0.4264368881839693,1.0
ENSG00000165716,0.79530364,4.5428314,0.4264368881839693,1.0
ENSG00000011376,0.7725807,0.8631143,0.4397705743141481,1.0
ENSG00000172349,0.7660884,0.66384804,0.4436236937701651,1.0
ENSG00000189337,0.75959617,3.630901,0.4474960249880019,1.0
ENSG00000163519,0.75959617,3.9939923,0.4474960249880019,1.0
ENSG00000112936,0.75959617,4.4656196,0.4474960249880019,1.0
ENSG00000182866,0.75310385,3.4069293,0.4513874997309365,1.0
ENSG00000153563,0.75310385,3.5192826,0.4513874997309365,1.0
ENSG00000134242,0.7498577,1.0966338,0.45334039406577153,1.0
ENSG00000249751,0.7466116,3.338552,0.4552980478071733,1.0
ENSG00000156298,0.7466116,2.8351681,0.4552980478071733,1.0
ENSG00000196189,0.74336547,0.92147774,0.45726045187556763,1.0
ENSG00000188042,0.74011934,0.8453818,0.45922759706911553,1.0
ENSG00000101082,0.733627,2.9210174,0.46317607341296674,1.0
ENSG00000172594,0.733627,1.6589291,0.46317607341296674,1.0
ENSG00000177076,0.733627,2.1793923,0.46317607341296674,1.0
ENSG00000154310,0.733627,0.6455412,0.46317607341296674,1.0
ENSG00000137478,0.72713476,0.34065247,0.46714340077865946,1.0
ENSG00000164054,0.71415025,0.67701006,0.47513429455583356,1.0
ENSG00000026103,0.70765793,1.3131198,0.47915769906982064,1.0
ENSG00000173369,0.7011657,0.38134465,0.4831996308128449,1.0
ENSG00000166833,0.69791955,2.7846406,0.4852275176492832,1.0
ENSG00000112394,0.6946734,0.5964464,0.4872600039540326,1.0
ENSG00000163082,0.69142723,2.645843,0.4892970786936063,1.0
ENSG00000160654,0.69142723,2.4003375,0.4892970786936063,1.0
ENSG00000152495,0.69142723,2.1891305,0.4892970786936063,1.0
ENSG00000182621,0.67195046,0.47454903,0.5016152510611085,1.0
ENSG00000102554,0.6687043,2.4821055,0.5036841256931733,1.0
ENSG00000189283,0.6687043,0.32334673,0.5036841256931733,1.0
ENSG00000076554,0.6492275,2.3892052,0.5161913565020786,1.0
ENSG00000167286,0.6492275,2.3756578,0.5161913565020786,1.0
ENSG00000147044,0.6427352,0.77875483,0.5203959375144818,1.0
ENSG00000153064,0.6362429,1.7408724,0.5246181000541956,1.0
ENSG00000151150,0.6362429,1.4130856,0.5246181000541956,1.0
ENSG00000221869,0.62650454,-0.038127992,0.5309840786126451,1.0
ENSG00000105374,0.62325835,0.8385254,0.5331147470643312,1.0
ENSG00000116285,0.61351997,2.0759695,0.5395325876297888,1.0
ENSG00000156113,0.61027384,0.3545866,0.541680433148209,1.0
ENSG00000142192,0.6070277,0.3951738,0.5438325378324029,1.0
ENSG00000185905,0.6070277,1.958585,0.5438325378324029,1.0
ENSG00000172673,0.6005354,1.8529754,0.5481494674742748,1.0
ENSG00000171552,0.6005354,0.900178,0.5481494674742748,1.0
ENSG00000161055,0.58430475,0.25402817,0.5590153132322268,1.0
ENSG00000073849,0.58430475,0.4191172,0.5590153132322268,1.0
ENSG00000124942,0.57781243,0.31391177,0.5633907480845946,1.0
ENSG00000166165,0.56807405,1.0515971,0.5699846949545927,1.0
ENSG00000151883,0.5648279,0.71865433,0.572190827018821,1.0
ENSG00000171345,0.5648279,0.35147786,0.572190827018821,1.0
ENSG00000173762,0.5583356,1.8403457,0.5766152212547191,1.0
ENSG00000169252,0.5583356,1.6206013,0.5766152212547191,1.0
ENSG00000185104,0.5583356,0.31128678,0.5766152212547191,1.0
ENSG00000165795,0.55184335,1.5484511,0.581055682383109,1.0
ENSG00000079263,0.55184335,0.5644283,0.581055682383109,1.0
ENSG00000153283,0.5485972,2.3220348,0.5832818976362706,1.0
ENSG00000139679,0.54210496,0.3100289,0.5877462157377901,1.0
ENSG00000198947,0.5323665,1.2187018,0.5944721631500683,1.0
ENSG00000187479,0.5291204,1.7533646,0.5967219372448531,1.0
ENSG00000173801,0.5226281,1.434428,0.6012330708648734,1.0
ENSG00000143819,0.5226281,1.5661845,0.6012330708648734,1.0
ENSG00000105122,0.519382,0.7790627,0.6034943960002755,1.0
ENSG00000157514,0.519382,0.21590523,0.6034943960002755,1.0
ENSG00000176658,0.5063974,0.4653547,0.6125776790266855,1.0
ENSG00000064666,0.5031513,0.5228544,0.6148579072351761,1.0
ENSG00000145649,0.49016675,0.9125046,0.6240159127232845,1.0
ENSG00000138378,0.4869206,1.0599613,0.6263145963877208,1.0
ENSG00000121797,0.48367447,0.93254364,0.6286169162469879,1.0
ENSG00000118503,0.47393605,0.22571562,0.6355455069993718,1.0
ENSG00000157765,0.4609515,0.7757964,0.6448333975573153,1.0
ENSG00000131400,0.43822855,0.57308763,0.661220618537883,1.0
ENSG00000114948,0.42199785,26.829317,0.6730265812429113,1.0
ENSG00000162692,0.42199785,25.890738,0.6730265812429113,1.0
ENSG00000169306,0.42199785,26.856792,0.6730265812429113,1.0
ENSG00000067798,0.42199785,26.437649,0.6730265812429113,1.0
ENSG00000131771,0.42199785,26.856792,0.6730265812429113,1.0
ENSG00000163898,0.42199785,25.9632,0.6730265812429113,1.0
ENSG00000168243,0.42199785,25.754473,0.6730265812429113,1.0
ENSG00000221818,0.42199785,26.650259,0.6730265812429113,1.0
ENSG00000174946,0.42199785,25.9632,0.6730265812429113,1.0
ENSG00000183918,0.42199785,26.574627,0.6730265812429113,1.0
ENSG00000109321,0.4155056,0.23836319,0.6777718290934651,1.0
ENSG00000117632,0.40576717,1.2199658,0.6849136824794275,1.0
ENSG00000128512,0.3992749,0.090546265,0.6896906624989925,1.0
ENSG00000075884,0.3992749,0.13914086,0.6896906624989925,1.0
ENSG00000184588,0.39602876,0.33584723,0.69208381270657,1.0
ENSG00000085117,0.38953647,1.1916461,0.6968793273680878,1.0
ENSG00000227507,0.38953647,0.4135267,0.6968793273680878,1.0
ENSG00000118292,0.38629034,0.7848822,0.6992816490859809,1.0
ENSG00000143851,0.3830442,0.973942,0.7016869850857026,1.0
ENSG00000129353,0.3830442,0.1727729,0.7016869850857026,1.0
ENSG00000135678,0.37979808,0.2089794,0.7040953137717306,1.0
ENSG00000115896,0.37979808,0.11142591,0.7040953137717306,1.0
ENSG00000196843,0.37655193,0.27937177,0.7065066134585649,1.0
ENSG00000138795,0.37655193,4.074855,0.7065066134585649,1.0
ENSG00000139193,0.37655193,3.5887628,0.7065066134585649,1.0
ENSG00000186810,0.37655193,3.5887628,0.7065066134585649,1.0
ENSG00000204442,0.37655193,4.432668,0.7065066134585649,1.0
ENSG00000108551,0.37655193,3.5706048,0.7065066134585649,1.0
ENSG00000187416,0.37655193,4.029021,0.7065066134585649,1.0
ENSG00000127533,0.37655193,3.238986,0.7065066134585649,1.0
ENSG00000174175,0.37655193,4.230553,0.7065066134585649,1.0
ENSG00000170011,0.37655193,4.226965,0.7065066134585649,1.0
ENSG00000115085,0.37655193,4.5734863,0.7065066134585649,1.0
ENSG00000178562,0.37005967,2.8782892,0.7113380386462131,1.0
ENSG00000107485,0.37005967,2.3314416,0.7113380386462131,1.0
ENSG00000152127,0.37005967,0.2518899,0.7113380386462131,1.0
ENSG00000139626,0.37005967,2.7042983,0.7113380386462131,1.0
ENSG00000182557,0.37005967,2.8155506,0.7113380386462131,1.0
ENSG00000198467,0.37005967,1.5155405,0.7113380386462131,1.0
ENSG00000169184,0.37005967,2.533557,0.7113380386462131,1.0
ENSG00000182463,0.37005967,1.8413736,0.7113380386462131,1.0
ENSG00000260314,0.3668135,0.44206494,0.7137581203313295,1.0
ENSG00000196260,0.35707512,0.840694,0.7210355770169709,1.0
ENSG00000065809,0.35707512,0.23542292,0.7210355770169709,1.0
ENSG00000064225,0.35382897,0.4019167,0.7234670590790553,1.0
ENSG00000184584,0.34084442,0.3906712,0.733220705693326,1.0
ENSG00000013725,0.331106,2.5242176,0.7405644111355847,1.0
ENSG00000172572,0.331106,2.531285,0.7405644111355847,1.0
ENSG00000136059,0.331106,2.8285525,0.7405644111355847,1.0
ENSG00000103522,0.331106,2.801532,0.7405644111355847,1.0
ENSG00000198643,0.331106,2.7666173,0.7405644111355847,1.0
ENSG00000118922,0.32785988,0.73152703,0.7430176141852382,1.0
ENSG00000115457,0.32461375,2.110243,0.7454734295129419,1.0
ENSG00000100385,0.32461375,1.7003591,0.7454734295129419,1.0
ENSG00000168350,0.32461375,1.7558028,0.7454734295129419,1.0
ENSG00000198108,0.32461375,2.35498,0.7454734295129419,1.0
ENSG00000110448,0.32461375,2.1530368,0.7454734295129419,1.0
ENSG00000047648,0.3213676,0.3618065,0.7479318339950395,1.0
ENSG00000178568,0.31812146,1.5280174,0.7503928044289014,1.0
ENSG00000117308,0.31812146,1.3444954,0.7503928044289014,1.0
ENSG00000185760,0.31812146,1.6693336,0.7503928044289014,1.0
ENSG00000128573,0.31812146,1.1836735,0.7503928044289014,1.0
ENSG00000188312,0.31487533,0.7068778,0.7528563175335753,1.0
ENSG00000178764,0.31162918,0.3821922,0.7553223499504413,1.0
ENSG00000103196,0.31162918,0.25378028,0.7553223499504413,1.0
ENSG00000171310,0.29215237,0.19146922,0.7701701323057345,1.0
ENSG00000173320,0.2856601,1.7402852,0.7751384763851243,1.0
ENSG00000106404,0.2856601,2.1867554,0.7751384763851243,1.0
ENSG00000182836,0.2856601,2.3238773,0.7751384763851243,1.0
ENSG00000129355,0.28241396,0.061077166,0.7776261189879492,1.0
ENSG00000116991,0.2791678,0.38289112,0.7801160431919417,1.0
ENSG00000066294,0.2791678,0.21105842,0.7801160431919417,1.0
ENSG00000135046,0.2791678,0.06752331,0.7801160431919417,1.0
ENSG00000102575,0.27592167,0.4132441,0.7826082248284776,1.0
ENSG00000005381,0.27267554,1.2363232,0.7851026396594243,1.0
ENSG00000148700,0.27267554,0.12760848,0.7851026396594243,1.0
ENSG00000153707,0.26618326,1.127152,0.7900980716087073,1.0
ENSG00000173406,0.26618326,1.0351723,0.7900980716087073,1.0
ENSG00000160767,0.26618326,1.1432217,0.7900980716087073,1.0
ENSG00000183166,0.26618326,1.040186,0.7900980716087073,1.0
ENSG00000185339,0.25644484,0.16052175,0.7976073586191053,1.0
ENSG00000088448,0.24670644,0.19777016,0.8051354223529432,1.0
ENSG00000027697,0.24670644,0.015768513,0.8051354223529432,1.0
ENSG00000175274,0.24021417,1.5795553,0.8101642329937435,1.0
ENSG00000153956,0.24021417,1.6655935,0.8101642329937435,1.0
ENSG00000173467,0.24021417,1.6825407,0.8101642329937435,1.0
ENSG00000114737,0.24021417,1.6541339,0.8101642329937435,1.0
ENSG00000154734,0.24021417,1.9106965,0.8101642329937435,1.0
ENSG00000095303,0.22073734,0.75554514,0.825296954712402,1.0
ENSG00000158158,0.22073734,0.6544039,0.825296954712402,1.0
ENSG00000075420,0.21749121,0.2812706,0.8278255615245222,1.0
ENSG00000103811,0.20126052,0.18573762,0.8404948739614214,1.0
ENSG00000145675,0.19476824,0.09317928,0.8455743853825337,1.0
ENSG00000141376,0.18827596,0.04830085,0.8506603238296573,1.0
ENSG00000152377,0.18827596,0.9841585,0.8506603238296573,1.0
ENSG00000099985,0.18178369,0.9940578,0.8557524827984153,1.0
ENSG00000185532,0.18178369,0.91316086,0.8557524827984153,1.0
ENSG00000090006,0.17529142,0.5976533,0.860850655007166,1.0
ENSG00000168394,0.16879915,0.39715642,0.8659546324222933,1.0
ENSG00000117090,0.16879915,0.08587065,0.8659546324222933,1.0
ENSG00000173068,0.165553,0.7073199,0.868508732872385,1.0
ENSG00000136997,0.16230687,0.3383653,0.871064206283656,1.0
ENSG00000119888,0.16230687,-0.32125437,0.871064206283656,1.0
ENSG00000132386,0.15906073,0.28071636,0.8736210264517689,1.0
ENSG00000162896,0.15581459,0.041235317,0.8761791671301865,1.0
ENSG00000140995,0.14932232,0.23580077,0.881299304825637,1.0
ENSG00000197043,0.14607619,-0.27931255,0.8838612491458779,1.0
ENSG00000175463,0.13633777,0.7395975,0.8915542669978616,1.0
ENSG00000104267,0.13633777,0.60568035,0.8915542669978616,1.0
ENSG00000050767,0.1298455,0.42890736,0.8966886680598936,1.0
ENSG00000105329,0.1298455,0.16330959,0.8966886680598936,1.0
ENSG00000125910,0.12659936,0.3256731,0.8992575056754851,1.0
ENSG00000185565,0.12335322,-0.2384164,0.9018273991937923,1.0
ENSG00000111110,0.11686095,0.29163828,0.9069702472783452,1.0
ENSG00000277443,0.11686095,0.02111882,0.9069702472783452,1.0
ENSG00000160584,0.10712253,0.10604992,0.9146917712169536,1.0
ENSG00000145743,0.1038764,0.12316949,0.9172674392515318,1.0
ENSG00000069399,0.1038764,0.13680182,0.9172674392515318,1.0
ENSG00000100297,0.10063026,0.1304242,0.9198439759394543,1.0
ENSG00000072818,0.09738412,-0.088525236,0.9224213544146707,1.0
ENSG00000158050,0.09413798,-0.10081165,0.9249995477846089,1.0
ENSG00000126391,0.090891846,0.15081772,0.9275785291310188,1.0
ENSG00000106541,0.090891846,-0.17498589,0.9275785291310188,1.0
ENSG00000135052,0.08439957,0.22656454,0.9327387479569148,1.0
ENSG00000164938,0.08439957,0.275598,0.9327387479569148,1.0
ENSG00000140563,0.077907294,0.16273676,0.9379017950648425,1.0
ENSG00000139641,0.07141502,-0.123256914,0.9430674542705103,1.0
ENSG00000143546,0.058430474,-0.1539338,0.9534057426170219,1.0
ENSG00000133106,0.058430474,0.10614074,0.9534057426170219,1.0
ENSG00000146555,0.058430474,-0.26174885,0.9534057426170219,1.0
ENSG00000030419,0.058430474,0.79080987,0.9534057426170219,1.0
ENSG00000067057,0.058430474,1.1550472,0.9534057426170219,1.0
ENSG00000143537,0.058430474,0.19320299,0.9534057426170219,1.0
ENSG00000139192,0.058430474,0.5137336,0.9534057426170219,1.0
ENSG00000172264,0.055184335,0.032679357,0.9559916086022807,1.0
ENSG00000003756,0.055184335,-0.09687917,0.9559916086022807,1.0
ENSG00000108219,0.0519382,0.0072330683,0.9585779378501397,1.0
ENSG00000090104,0.022722961,-0.5190592,0.9818712598862112,1.0
ENSG00000152270,0.022722961,0.04231992,0.9818712598862112,1.0
ENSG00000111057,0.019476824,-0.046780273,0.9844607251497356,1.0
ENSG00000123405,0.019476824,-0.13039996,0.9844607251497356,1.0
ENSG00000140262,0.01298455,0.02475012,0.9896401195652235,1.0
ENSG00000139725,0.01298455,-0.43242538,0.9896401195652235,1.0
ENSG00000128918,0.01298455,-0.39667043,0.9896401195652235,1.0
ENSG00000172578,0.009738412,-0.1485472,0.9922299941545087,1.0
ENSG00000166856,0.0,0.0,1.0,1.0
ENSG00000168542,0.0,0.0,1.0,1.0
ENSG00000178343,0.0,0.0,1.0,1.0
ENSG00000134240,0.0,0.0,1.0,1.0
ENSG00000131747,0.0,0.0,1.0,1.0
ENSG00000125398,0.0,0.0,1.0,1.0
ENSG00000172995,0.0,0.0,1.0,1.0
ENSG00000213780,0.0,0.0,1.0,1.0
ENSG00000171848,0.0,0.0,1.0,1.0
ENSG00000127472,0.0,0.0,1.0,1.0
ENSG00000170312,0.0,0.0,1.0,1.0
ENSG00000204291,0.0,0.0,1.0,1.0
ENSG00000118322,0.0,0.0,1.0,1.0
ENSG00000239264,0.0,0.0,1.0,1.0
ENSG00000123892,0.0,0.0,1.0,1.0
ENSG00000179399,0.0,0.0,1.0,1.0
ENSG00000183145,0.0,0.0,1.0,1.0
ENSG00000044524,0.0,0.0,1.0,1.0
ENSG00000139329,0.0,0.0,1.0,1.0
ENSG00000163586,0.0,0.0,1.0,1.0
ENSG00000137648,0.0,0.0,1.0,1.0
ENSG00000117594,0.0,0.0,1.0,1.0
ENSG00000116176,0.0,0.0,1.0,1.0
ENSG00000182492,0.0,0.0,1.0,1.0
ENSG00000171435,0.0,0.0,1.0,1.0
ENSG00000115616,0.0,0.0,1.0,1.0
ENSG00000115353,0.0,0.0,1.0,1.0
ENSG00000171747,0.0,0.0,1.0,1.0
ENSG00000154620,0.0,0.0,1.0,1.0
ENSG00000148584,0.0,0.0,1.0,1.0
ENSG00000106018,0.0,0.0,1.0,1.0
ENSG00000141338,0.0,0.0,1.0,1.0
ENSG00000138028,0.0,0.0,1.0,1.0
ENSG00000204385,0.0,0.0,1.0,1.0
ENSG00000124664,0.0,0.0,1.0,1.0
ENSG00000109670,0.0,-0.21587308,1.0,1.0
ENSG00000104537,0.0,0.0,1.0,1.0
ENSG00000176387,0.0,0.0,1.0,1.0
ENSG00000116774,0.0,0.0,1.0,1.0
ENSG00000091513,0.0,0.0,1.0,1.0
ENSG00000188373,0.0,0.0,1.0,1.0
ENSG00000179751,0.0,0.0,1.0,1.0
ENSG00000170608,0.0,0.0,1.0,1.0
ENSG00000154654,0.0,0.0,1.0,1.0
ENSG00000168824,0.0,0.0,1.0,1.0
ENSG00000007908,0.0,0.0,1.0,1.0
ENSG00000111405,0.0,0.0,1.0,1.0
ENSG00000165105,0.0,0.0,1.0,1.0
ENSG00000011465,0.0,0.0,1.0,1.0
ENSG00000185736,0.0,0.0,1.0,1.0
ENSG00000099834,0.0,0.0,1.0,1.0
ENSG00000224982,0.0,0.0,1.0,1.0
ENSG00000168143,0.0,0.0,1.0,1.0
ENSG00000169994,0.0,0.0,1.0,1.0
ENSG00000148773,0.0,0.0,1.0,1.0
ENSG00000146205,0.0,0.0,1.0,1.0
ENSG00000169071,0.0,0.0,1.0,1.0
ENSG00000175063,0.0,0.0,1.0,1.0
ENSG00000008438,0.0,0.0,1.0,1.0
ENSG00000169906,0.0,0.0,1.0,1.0
ENSG00000167617,0.0,0.0,1.0,1.0
ENSG00000213402,0.0,0.0,1.0,1.0
ENSG00000113722,0.0,0.0,1.0,1.0
ENSG00000258818,0.0,0.0,1.0,1.0
ENSG00000124253,0.0,0.0,1.0,1.0
ENSG00000196415,0.0,0.0,1.0,1.0
ENSG00000101311,0.0,0.0,1.0,1.0
ENSG00000248771,0.0,0.0,1.0,1.0
ENSG00000160408,0.0,0.0,1.0,1.0
ENSG00000189058,0.0,0.0,1.0,1.0
ENSG00000010932,0.0,0.0,1.0,1.0
ENSG00000203896,0.0,0.0,1.0,1.0
ENSG00000166349,0.0,0.0,1.0,1.0
ENSG00000185008,0.0,0.0,1.0,1.0
ENSG00000143816,0.0,0.0,1.0,1.0
ENSG00000015413,0.0,0.0,1.0,1.0
ENSG00000172348,0.0,0.0,1.0,1.0
ENSG00000086730,0.0,0.022839436,1.0,1.0
ENSG00000106538,0.0,0.0,1.0,1.0
ENSG00000103460,0.0,0.0,1.0,1.0
ENSG00000100448,0.0,0.0,1.0,1.0
ENSG00000160182,0.0,0.0,1.0,1.0
ENSG00000135773,0.0,0.0,1.0,1.0
ENSG00000173702,0.0,0.0,1.0,1.0
ENSG00000198542,0.0,0.0,1.0,1.0
ENSG00000162576,0.0,0.0,1.0,1.0
ENSG00000198488,0.0,0.0,1.0,1.0
ENSG00000143801,0.0,0.0,1.0,1.0
ENSG00000205221,0.0,0.0,1.0,1.0
ENSG00000174236,0.0,0.0,1.0,1.0
ENSG00000165215,0.0,0.0,1.0,1.0
ENSG00000248485,0.0,0.0,1.0,1.0
ENSG00000189325,0.0,0.0,1.0,1.0
ENSG00000074276,0.0,0.0,1.0,1.0
ENSG00000173585,0.0,0.0,1.0,1.0
ENSG00000188175,0.0,0.0,1.0,1.0
ENSG00000113805,0.0,0.0,1.0,1.0
ENSG00000167183,0.0,0.0,1.0,1.0
ENSG00000164532,0.0,0.0,1.0,1.0
ENSG00000154258,0.0,0.0,1.0,1.0
ENSG00000154096,0.0,0.0,1.0,1.0
ENSG00000073111,0.0,0.0,1.0,1.0
ENSG00000126562,0.0,0.0,1.0,1.0
ENSG00000163631,0.0,0.0,1.0,1.0
ENSG00000039987,0.0,0.0,1.0,1.0
ENSG00000107447,0.0,0.0,1.0,1.0
ENSG00000071991,0.0,0.0,1.0,1.0
ENSG00000167656,0.0,0.0,1.0,1.0
ENSG00000198758,0.0,0.0,1.0,1.0
ENSG00000110245,0.0,0.0,1.0,1.0
ENSG00000189430,0.0,0.0,1.0,1.0
ENSG00000122711,0.0,0.0,1.0,1.0
ENSG00000136546,0.0,0.0,1.0,1.0
ENSG00000142173,0.0,0.0,1.0,1.0
ENSG00000105523,0.0,0.0,1.0,1.0
ENSG00000188833,0.0,0.0,1.0,1.0
ENSG00000134690,0.0,0.0,1.0,1.0
ENSG00000159184,0.0,0.0,1.0,1.0
ENSG00000184709,0.0,0.0,1.0,1.0
ENSG00000109758,0.0,0.0,1.0,1.0
ENSG00000182636,0.0,0.0,1.0,1.0
ENSG00000080573,0.0,0.0,1.0,1.0
ENSG00000143375,0.0,0.0,1.0,1.0
ENSG00000133110,0.0,0.0,1.0,1.0
ENSG00000182732,0.0,0.0,1.0,1.0
ENSG00000079112,0.0,0.0,1.0,1.0
ENSG00000117122,0.0,0.0,1.0,1.0
ENSG00000188580,0.0,0.0,1.0,1.0
ENSG00000143196,0.0,0.0,1.0,1.0
ENSG00000135454,0.0,0.0,1.0,1.0
ENSG00000126353,0.0,0.0,1.0,1.0
ENSG00000171564,0.0,0.0,1.0,1.0
ENSG00000162687,0.0,0.0,1.0,1.0
ENSG00000030304,0.0,0.0,1.0,1.0
ENSG00000167080,0.0,0.0,1.0,1.0
ENSG00000112541,0.0,0.0,1.0,1.0
ENSG00000064787,0.0,0.0,1.0,1.0
ENSG00000157456,0.0,0.0,1.0,1.0
ENSG00000101076,0.0,0.0,1.0,1.0
ENSG00000178828,0.0,0.0,1.0,1.0
ENSG00000134193,0.0,0.0,1.0,1.0
ENSG00000171431,0.0,0.0,1.0,1.0
ENSG00000197273,0.0,0.0,1.0,1.0
ENSG00000117399,0.0,0.0,1.0,1.0
ENSG00000141748,0.0,0.0,1.0,1.0
ENSG00000140297,0.0,0.0,1.0,1.0
ENSG00000006638,0.0,0.0,1.0,1.0
ENSG00000124429,0.0,0.0,1.0,1.0
ENSG00000154645,0.0,0.0,1.0,1.0
ENSG00000112195,0.0,0.0,1.0,1.0
ENSG00000182667,0.0,0.0,1.0,1.0
ENSG00000174992,0.0,0.0,1.0,1.0
ENSG00000172238,0.0,0.0,1.0,1.0
ENSG00000077942,0.0,0.0,1.0,1.0
ENSG00000181234,0.0,0.0,1.0,1.0
ENSG00000134398,0.0,0.0,1.0,1.0
ENSG00000130592,-0.006492275,-0.13770467,0.9948199506167104,1.0
ENSG00000187514,-0.006492275,0.05087446,0.9948199506167104,1.0
ENSG00000152413,-0.01298455,-0.066986725,0.9896401195652235,1.0
ENSG00000133561,-0.019476824,-0.24646069,0.9844607251497356,1.0
ENSG00000010818,-0.0259691,-0.17109834,0.979281985619235,1.0
ENSG00000077984,-0.0259691,-0.11101083,0.979281985619235,1.0
ENSG00000197956,-0.0259691,0.23162948,0.979281985619235,1.0
ENSG00000058091,-0.032461375,-0.17277071,0.9741041191399131,1.0
ENSG00000172159,-0.032461375,-0.507491,0.9741041191399131,1.0
ENSG00000179335,-0.032461375,-0.16772106,0.9741041191399131,1.0
ENSG00000248905,-0.03570751,-0.009752543,0.9715155814419536,1.0
ENSG00000112118,-0.038953647,-0.56222695,0.9689273437675927,1.0
ENSG00000123342,-0.038953647,0.19784936,0.9689273437675927,1.0
ENSG00000168421,-0.045445923,-0.09021595,0.9637518774201788,1.0
ENSG00000143669,-0.045445923,-0.121337794,0.9637518774201788,1.0
ENSG00000132481,-0.04869206,-23.14981,0.9611647031856724,1.0
ENSG00000106078,-0.04869206,-22.541563,0.9611647031856724,1.0
ENSG00000183098,-0.04869206,-22.342472,0.9611647031856724,1.0
ENSG00000145386,-0.04869206,-22.572435,0.9611647031856724,1.0
ENSG00000144810,-0.04869206,-23.535582,0.9611647031856724,1.0
ENSG00000115705,-0.04869206,-23.095242,0.9611647031856724,1.0
ENSG00000186891,-0.04869206,-22.283306,0.9611647031856724,1.0
ENSG00000089356,-0.04869206,-23.258835,0.9611647031856724,1.0
ENSG00000185052,-0.04869206,-22.798328,0.9611647031856724,1.0
ENSG00000213658,-0.04869206,-22.632198,0.9611647031856724,1.0
ENSG00000164949,-0.04869206,-22.681488,0.9611647031856724,1.0
ENSG00000162733,-0.04869206,-23.433825,0.9611647031856724,1.0
ENSG00000146674,-0.04869206,-23.141579,0.9611647031856724,1.0
ENSG00000117472,-0.04869206,-22.858982,0.9611647031856724,1.0
ENSG00000121440,-0.04869206,-22.953564,0.9611647031856724,1.0
ENSG00000119514,-0.04869206,-22.976477,0.9611647031856724,1.0
ENSG00000140538,-0.04869206,-22.980566,0.9611647031856724,1.0
ENSG00000151322,-0.04869206,-22.77889,0.9611647031856724,1.0
ENSG00000187513,-0.04869206,-23.599167,0.9611647031856724,1.0
ENSG00000164736,-0.04869206,-23.1178,0.9611647031856724,1.0
ENSG00000164692,-0.04869206,-23.031452,0.9611647031856724,1.0
ENSG00000102053,-0.04869206,-23.333471,0.9611647031856724,1.0
ENSG00000182168,-0.04869206,-22.505287,0.9611647031856724,1.0
ENSG00000129682,-0.04869206,-22.820168,0.9611647031856724,1.0
ENSG00000213809,-0.04869206,-23.233814,0.9611647031856724,1.0
ENSG00000132698,-0.04869206,-23.431042,0.9611647031856724,1.0
ENSG00000151715,-0.04869206,-22.283306,0.9611647031856724,1.0
ENSG00000184828,-0.04869206,-23.166052,0.9611647031856724,1.0
ENSG00000064270,-0.04869206,-23.105425,0.9611647031856724,1.0
ENSG00000069764,-0.04869206,-23.48547,0.9611647031856724,1.0
ENSG00000198885,-0.04869206,-22.764755,0.9611647031856724,1.0
ENSG00000197614,-0.04869206,-23.043976,0.9611647031856724,1.0
ENSG00000130675,-0.04869206,-23.166052,0.9611647031856724,1.0
ENSG00000105357,-0.04869206,-22.795238,0.9611647031856724,1.0
ENSG00000183960,-0.04869206,-22.512226,0.9611647031856724,1.0
ENSG00000049540,-0.04869206,-22.953564,0.9611647031856724,1.0
ENSG00000164749,-0.04869206,-23.217434,0.9611647031856724,1.0
ENSG00000154188,-0.04869206,-23.484938,0.9611647031856724,1.0
ENSG00000159713,-0.04869206,-22.953564,0.9611647031856724,1.0
ENSG00000109452,-0.04869206,0.06777856,0.9611647031856724,1.0
ENSG00000122870,-0.04869206,-22.516834,0.9611647031856724,1.0
ENSG00000106333,-0.04869206,-23.00888,0.9611647031856724,1.0
ENSG00000158104,-0.04869206,-22.858982,0.9611647031856724,1.0
ENSG00000091972,-0.04869206,-23.030561,0.9611647031856724,1.0
ENSG00000109819,-0.04869206,-23.285969,0.9611647031856724,1.0
ENSG00000167779,-0.04869206,-23.396233,0.9611647031856724,1.0
ENSG00000175161,-0.04869206,-23.110739,0.9611647031856724,1.0
ENSG00000109610,-0.04869206,-22.395275,0.9611647031856724,1.0
ENSG00000151067,-0.04869206,-22.395275,0.9611647031856724,1.0
ENSG00000196092,-0.04869206,-22.682968,0.9611647031856724,1.0
ENSG00000027869,-0.04869206,-23.303602,0.9611647031856724,1.0
ENSG00000143369,-0.04869206,-23.44785,0.9611647031856724,1.0
ENSG00000091986,-0.04869206,-22.961266,0.9611647031856724,1.0
ENSG00000178999,-0.04869206,-23.095242,0.9611647031856724,1.0
ENSG00000089685,-0.04869206,-22.505287,0.9611647031856724,1.0
ENSG00000176046,-0.04869206,-22.805418,0.9611647031856724,1.0
ENSG00000163359,-0.04869206,-22.719118,0.9611647031856724,1.0
ENSG00000144290,-0.04869206,-22.976477,0.9611647031856724,1.0
ENSG00000196569,-0.04869206,-23.030561,0.9611647031856724,1.0
ENSG00000170624,-0.04869206,-22.9421,0.9611647031856724,1.0
ENSG00000137078,-0.04869206,-23.131855,0.9611647031856724,1.0
ENSG00000234906,-0.04869206,-23.433825,0.9611647031856724,1.0
ENSG00000133661,-0.0519382,-0.085266136,0.9585779378501397,1.0
ENSG00000009790,-0.06492275,-0.17060848,0.9482355090600063,1.0
ENSG00000168484,-0.06492275,-0.012933399,0.9482355090600063,1.0
ENSG00000275023,-0.07141502,-0.35155514,0.9430674542705103,1.0
ENSG00000157827,-0.07141502,-0.016064974,0.9430674542705103,1.0
ENSG00000155926,-0.07141502,0.015241976,0.9430674542705103,1.0
ENSG00000173372,-0.08115344,-0.048896685,0.9353199314790989,1.0
ENSG00000043462,-0.08439957,0.009881037,0.9327387479569148,1.0
ENSG00000198673,-0.090891846,-0.30877548,0.9275785291310188,1.0
ENSG00000154262,-0.09738412,-24.051865,0.9224213544146707,1.0
ENSG00000161031,-0.09738412,-24.23618,0.9224213544146707,1.0
ENSG00000046653,-0.09738412,-24.158245,0.9224213544146707,1.0
ENSG00000168481,-0.09738412,-24.099812,0.9224213544146707,1.0
ENSG00000176153,-0.09738412,-23.614344,0.9224213544146707,1.0
ENSG00000169855,-0.09738412,-24.020737,0.9224213544146707,1.0
ENSG00000170801,-0.09738412,-24.261171,0.9224213544146707,1.0
ENSG00000078328,-0.09738412,-24.251987,0.9224213544146707,1.0
ENSG00000166959,-0.09738412,-23.921167,0.9224213544146707,1.0
ENSG00000146966,-0.09738412,-24.241592,0.9224213544146707,1.0
ENSG00000117400,-0.09738412,-24.039917,0.9224213544146707,1.0
ENSG00000103160,-0.09738412,-0.07609032,0.9224213544146707,1.0
ENSG00000133083,-0.09738412,-23.961933,0.9224213544146707,1.0
ENSG00000070526,-0.09738412,-23.827978,0.9224213544146707,1.0
ENSG00000184363,-0.09738412,-24.124496,0.9224213544146707,1.0
ENSG00000130300,-0.09738412,-24.275164,0.9224213544146707,1.0
ENSG00000153093,-0.09738412,-24.223747,0.9224213544146707,1.0
ENSG00000181885,-0.09738412,-24.045351,0.9224213544146707,1.0
ENSG00000178301,-0.09738412,-24.058916,0.9224213544146707,1.0
ENSG00000164330,-0.09738412,-24.851181,0.9224213544146707,1.0
ENSG00000174482,-0.09738412,-23.817142,0.9224213544146707,1.0
ENSG00000128283,-0.09738412,-24.035454,0.9224213544146707,1.0
ENSG00000165084,-0.09738412,-24.11106,0.9224213544146707,1.0
ENSG00000144354,-0.09738412,-23.930765,0.9224213544146707,1.0
ENSG00000127074,-0.09738412,-23.840267,0.9224213544146707,1.0
ENSG00000122694,-0.11686095,-0.042847034,0.9069702472783452,1.0
ENSG00000064201,-0.12335322,0.16523989,0.9018273991937923,1.0
ENSG00000173210,-0.13633777,-0.7796865,0.8915542669978616,1.0
ENSG00000164023,-0.13633777,-0.0474556,0.8915542669978616,1.0
ENSG00000170421,-0.13633777,-0.5340062,0.8915542669978616,1.0
ENSG00000273540,-0.14607619,-24.439705,0.8838612491458779,1.0
ENSG00000178538,-0.14607619,-24.775856,0.8838612491458779,1.0
ENSG00000152402,-0.14607619,-24.882845,0.8838612491458779,1.0
ENSG00000127324,-0.14607619,-24.710539,0.8838612491458779,1.0
ENSG00000183570,-0.14607619,-25.106133,0.8838612491458779,1.0
ENSG00000164047,-0.14607619,-24.701338,0.8838612491458779,1.0
ENSG00000140470,-0.14607619,-24.836746,0.8838612491458779,1.0
ENSG00000135373,-0.14607619,-24.427395,0.8838612491458779,1.0
ENSG00000125245,-0.14607619,-24.657095,0.8838612491458779,1.0
ENSG00000174473,-0.14607619,-24.851234,0.8838612491458779,1.0
ENSG00000064655,-0.14607619,-25.046787,0.8838612491458779,1.0
ENSG00000157613,-0.14607619,-24.64716,0.8838612491458779,1.0
ENSG00000144619,-0.14607619,-24.79889,0.8838612491458779,1.0
ENSG00000135480,-0.14932232,-1.4546266,0.881299304825637,1.0
ENSG00000005187,-0.19476824,-25.095888,0.8455743853825337,1.0
ENSG00000140092,-0.19476824,-24.669376,0.8455743853825337,1.0
ENSG00000232629,-0.19476824,-24.760122,0.8455743853825337,1.0
ENSG00000072657,-0.19476824,-25.165262,0.8455743853825337,1.0
ENSG00000172543,-0.19476824,-24.909101,0.8455743853825337,1.0
ENSG00000078114,-0.19476824,-25.068197,0.8455743853825337,1.0
ENSG00000197561,-0.19476824,-25.188734,0.8455743853825337,1.0
ENSG00000133800,-0.19476824,-1.0366818,0.8455743853825337,1.0
ENSG00000107796,-0.19476824,-25.088602,0.8455743853825337,1.0
ENSG00000066405,-0.19476824,-25.012392,0.8455743853825337,1.0
ENSG00000105699,-0.19476824,-25.159027,0.8455743853825337,1.0
ENSG00000138771,-0.19476824,-25.147738,0.8455743853825337,1.0
ENSG00000087245,-0.19476824,-25.077894,0.8455743853825337,1.0
ENSG00000124882,-0.20126052,-0.44943142,0.8404948739614214,1.0
ENSG00000162772,-0.20450665,-0.5522678,0.8379575926995163,1.0
ENSG00000112576,-0.2077528,-0.10243304,0.835421995268303,1.0
ENSG00000104870,-0.21099892,-0.22096774,0.8328881072510597,1.0
ENSG00000173786,-0.21424507,-0.043074988,0.8303559541778038,1.0
ENSG00000164265,-0.21424507,-0.22157177,0.8303559541778038,1.0
ENSG00000179097,-0.21424507,-0.5461552,0.8303559541778038,1.0
ENSG00000104447,-0.22073734,-0.11960857,0.825296954712402,1.0
ENSG00000109787,-0.22073734,-0.08859044,0.825296954712402,1.0
ENSG00000068650,-0.22722961,-0.15232779,0.8202452000178146,1.0
ENSG00000105325,-0.22722961,-0.9016373,0.8202452000178146,1.0
ENSG00000115590,-0.24021417,-0.31825694,0.8101642329937435,1.0
ENSG00000149591,-0.24021417,-1.0540806,0.8101642329937435,1.0
ENSG00000160180,-0.24021417,-0.54498625,0.8101642329937435,1.0
ENSG00000136514,-0.2434603,-25.27819,0.8076488340999839,1.0
ENSG00000076003,-0.2434603,-25.470242,0.8076488340999839,1.0
ENSG00000116962,-0.2434603,-25.448938,0.8076488340999839,1.0
ENSG00000167644,-0.2434603,-25.398626,0.8076488340999839,1.0
ENSG00000151136,-0.2434603,-25.566183,0.8076488340999839,1.0
ENSG00000168528,-0.2434603,-25.4779,0.8076488340999839,1.0
ENSG00000184349,-0.2434603,-25.735762,0.8076488340999839,1.0
ENSG00000171236,-0.2434603,-25.49044,0.8076488340999839,1.0
ENSG00000165072,-0.2434603,-25.828342,0.8076488340999839,1.0
ENSG00000080493,-0.2434603,-25.21716,0.8076488340999839,1.0
ENSG00000170579,-0.2434603,-25.14616,0.8076488340999839,1.0
ENSG00000115415,-0.26618326,-0.1955649,0.7900980716087073,1.0
ENSG00000102879,-0.26618326,-0.15080877,0.7900980716087073,1.0
ENSG00000170396,-0.26942942,-0.08740633,0.7875992633778454,1.0
ENSG00000153395,-0.27267554,-0.40977004,0.7851026396594243,1.0
ENSG00000081189,-0.2791678,-0.12405413,0.7801160431919417,1.0
ENSG00000144331,-0.29215237,-25.610165,0.7701701323057345,1.0
ENSG00000198242,-0.29215237,0.13227549,0.7701701323057345,1.0
ENSG00000163435,-0.29215237,-25.888332,0.7701701323057345,1.0
ENSG00000130449,-0.29215237,0.09298003,0.7701701323057345,1.0
ENSG00000096088,-0.29215237,-0.30070478,0.7701701323057345,1.0
ENSG00000134532,-0.29215237,-25.841513,0.7701701323057345,1.0
ENSG00000102096,-0.29215237,-25.47675,0.7701701323057345,1.0
ENSG00000172260,-0.29215237,-25.95039,0.7701701323057345,1.0
ENSG00000163710,-0.29215237,-25.74227,0.7701701323057345,1.0
ENSG00000214530,-0.29215237,-25.515522,0.7701701323057345,1.0
ENSG00000197329,-0.2953985,-0.28206506,0.7676894788125921,1.0
ENSG00000125347,-0.30189076,-0.3812212,0.7627353283368474,1.0
ENSG00000159921,-0.30513692,-1.2840682,0.7602618789018909,1.0
ENSG00000187147,-0.30838305,-0.5400565,0.7577908782438713,1.0
ENSG00000121101,-0.30838305,-1.1105944,0.7577908782438713,1.0
ENSG00000133639,-0.31162918,0.039369132,0.7553223499504413,1.0
ENSG00000123329,-0.31812146,-0.5202706,0.7503928044289014,1.0
ENSG00000134802,-0.31812146,-0.5586657,0.7503928044289014,1.0
ENSG00000132170,-0.32461375,-0.09339416,0.7454734295129419,1.0
ENSG00000119042,-0.34084442,-26.051214,0.733220705693326,1.0
ENSG00000148346,-0.34084442,-25.925581,0.733220705693326,1.0
ENSG00000123610,-0.34084442,-26.362719,0.733220705693326,1.0
ENSG00000079215,-0.35058284,-0.45211965,0.7259013354886075,1.0
ENSG00000104918,-0.35707512,-1.6250657,0.7210355770169709,1.0
ENSG00000052749,-0.35707512,-0.61730385,0.7210355770169709,1.0
ENSG00000107249,-0.35707512,-1.2360258,0.7210355770169709,1.0
ENSG00000125354,-0.36356738,-0.31557396,0.7161810853870278,1.0
ENSG00000137801,-0.36356738,-0.3247878,0.7161810853870278,1.0
ENSG00000147010,-0.3668135,-0.19443569,0.7137581203313295,1.0
ENSG00000103569,-0.37005967,-0.50496626,0.7113380386462131,1.0
ENSG00000135905,-0.3733058,-0.14316244,0.7089208623713019,1.0
ENSG00000143153,-0.3733058,-0.44340786,0.7089208623713019,1.0
ENSG00000082074,-0.37979808,-0.3996242,0.7040953137717306,1.0
ENSG00000100979,-0.38953647,-1.5907712,0.6968793273680878,1.0
ENSG00000188404,-0.4090133,-1.0893034,0.6825298948484575,1.0
ENSG00000104043,-0.4155056,-0.35615024,0.6777718290934651,1.0
ENSG00000116191,-0.4155056,-1.2449144,0.6777718290934651,1.0
ENSG00000131981,-0.425244,0.09744149,0.6706588156344775,1.0
ENSG00000134419,-0.43498242,0.00085598073,0.6635751974556121,1.0
ENSG00000204305,-0.43822855,-26.328028,0.661220618537883,1.0
ENSG00000182179,-0.43822855,-26.438896,0.661220618537883,1.0
ENSG00000147168,-0.43822855,-26.227047,0.661220618537883,1.0
ENSG00000113448,-0.44147468,-0.3271617,0.6588693867422896,1.0
ENSG00000078304,-0.44147468,-0.15040173,0.6588693867422896,1.0
ENSG00000125534,-0.44796696,-0.1244489,0.6541770443478101,1.0
ENSG00000170017,-0.4674438,-0.38423705,0.6401824056475949,1.0
ENSG00000129933,-0.47393605,-0.57293904,0.6355455069993718,1.0
ENSG00000107263,-0.47718218,-0.071133636,0.6332323902575268,1.0
ENSG00000182774,-0.48367447,-0.21634161,0.6286169162469879,1.0
ENSG00000170323,-0.48367447,-0.7599002,0.6286169162469879,1.0
ENSG00000100055,-0.4869206,-0.52785116,0.6263145963877208,1.0
ENSG00000101596,-0.49341288,-0.08926111,0.6217208836945763,1.0
ENSG00000143947,-0.5063974,-0.2167373,0.6125776790266855,1.0
ENSG00000136490,-0.519382,-0.6465377,0.6034943960002755,1.0
ENSG00000170776,-0.5226281,-0.23437767,0.6012330708648734,1.0
ENSG00000152601,-0.52587426,-0.42892942,0.5989755788630107,1.0
ENSG00000123358,-0.52587426,-0.36442697,0.5989755788630107,1.0
ENSG00000122025,-0.52587426,-0.46417603,0.5989755788630107,1.0
ENSG00000147408,-0.53561264,-0.55781245,0.5922262736074733,1.0
ENSG00000078053,-0.5583356,-0.90964854,0.5766152212547191,1.0
ENSG00000026025,-0.5648279,-0.05796898,0.572190827018821,1.0
ENSG00000090382,-0.58430475,-0.5276267,0.5590153132322268,1.0
ENSG00000197405,-0.590797,-0.10722394,0.554656444946322,1.0
ENSG00000065357,-0.590797,-1.5963235,0.554656444946322,1.0
ENSG00000169442,-0.59404314,-0.7230056,0.5524832609320043,1.0
ENSG00000122122,-0.59728926,-0.7302211,0.5503142635259894,1.0
ENSG00000125772,-0.6037815,-0.19732589,0.5459888874058382,1.0
ENSG00000198380,-0.6167661,-2.474513,0.5373890154357488,1.0
ENSG00000099139,-0.62325835,-1.2377641,0.5331147470643312,1.0
ENSG00000167552,-0.62650454,-0.5038062,0.5309840786126451,1.0
ENSG00000120594,-0.65571976,-0.226415,0.5120044602848948,1.0
ENSG00000038945,-0.6687043,-0.50175947,0.5036841256931733,1.0
ENSG00000159216,-0.6687043,-0.30504763,0.5036841256931733,1.0
ENSG00000145287,-0.6751966,-1.3891735,0.49955088422616245,1.0
ENSG00000035862,-0.68168885,-0.28084132,0.495435721361128,1.0
ENSG00000121691,-0.6881811,-0.5972478,0.4913387307128009,1.0
ENSG00000134287,-0.69791955,-0.994986,0.4852275176492832,1.0
ENSG00000100100,-0.71415025,-1.1282789,0.47513429455583356,1.0
ENSG00000138639,-0.7173964,-0.41266817,0.4731295662982705,1.0
ENSG00000155307,-0.7206425,-0.3055357,0.47112950115011476,1.0
ENSG00000185950,-0.72713476,-0.3668435,0.46714340077865946,1.0
ENSG00000008394,-0.7303809,-0.6740334,0.46515738554824926,1.0
ENSG00000198964,-0.74336547,-0.40747735,0.45726045187556763,1.0
ENSG00000104880,-0.74336547,-0.69810486,0.45726045187556763,1.0
ENSG00000051523,-0.75959617,-0.08988423,0.4474960249880019,1.0
ENSG00000143119,-0.7628423,-0.45574,0.44555746212783964,1.0
ENSG00000163219,-0.77907294,-0.5840548,0.43593673290265056,1.0
ENSG00000186469,-0.78556526,-0.5379698,0.4321222338657248,1.0
ENSG00000006007,-0.7920575,-1.6486335,0.42832713958247226,1.0
ENSG00000169508,-0.7985498,-0.96204615,0.4245515104830603,1.0
ENSG00000101443,-0.8245189,-0.8798696,0.4096447864539441,1.0
ENSG00000154229,-0.84074956,-1.1105102,0.40048823988340354,1.0
ENSG00000145687,-0.8472419,-0.624801,0.3968603298800343,1.0
ENSG00000145012,-0.85373414,-0.31336284,0.393252320441251,1.0
ENSG00000011600,-0.8634725,-0.52498156,0.38787771135999505,1.0
ENSG00000070190,-0.86671865,-1.4151747,0.3860961696509866,1.0
ENSG00000120913,-0.86671865,-1.383618,0.3860961696509866,1.0
ENSG00000111962,-0.86996484,-1.9500268,0.3843196332391191,1.0
ENSG00000153250,-0.88294935,-0.43178087,0.3772636308847449,1.0
ENSG00000123066,-0.8861955,-0.26988125,0.37551218766572847,1.0
ENSG00000182197,-0.8894416,-0.68179035,0.3737657756005345,1.0
ENSG00000197548,-0.8894416,-0.6195564,0.3737657756005345,1.0
ENSG00000172071,-0.90891844,-1.5480531,0.36339316749763007,1.0
ENSG00000162444,-0.91541076,-1.0048063,0.3599760437386952,1.0
ENSG00000158869,-0.92514914,-0.28729358,0.3548883301605621,1.0
ENSG00000136048,-0.9478721,-0.828349,0.34319456441288276,1.0
ENSG00000100292,-0.9478721,-0.4636612,0.34319456441288276,1.0
ENSG00000109861,-0.9478721,-0.43910223,0.34319456441288276,1.0
ENSG00000005844,-0.9608567,-0.99510634,0.3366242448015946,1.0
ENSG00000113648,-0.98682576,-0.30273545,0.32372806441430835,1.0
ENSG00000108798,-0.98682576,-1.0780874,0.32372806441430835,1.0
ENSG00000038427,-0.99981034,-0.6278636,0.3174023160676599,1.0
ENSG00000198918,-1.0030564,-0.2948497,0.31583362739397614,1.0
ENSG00000182568,-1.0225333,-27.58375,0.30652857428323566,1.0
ENSG00000266094,-1.0322716,-1.0396158,0.30194486288882494,1.0
ENSG00000142676,-1.038764,-0.185429,0.2989145279201857,1.0
ENSG00000141968,-1.038764,-1.2791023,0.2989145279201857,1.0
ENSG00000048052,-1.064733,-0.8183686,0.286996746782452,0.9896439544222484
ENSG00000111716,-1.064733,-1.0194118,0.286996746782452,0.9896439544222484
ENSG00000137331,-1.064733,-2.1387925,0.286996746782452,0.9896439544222484
ENSG00000180879,-1.0712253,-0.56269354,0.284068124555368,0.9896439544222484
ENSG00000163154,-1.0907022,-2.1971438,0.2754039621057305,0.9800852743976173
ENSG00000186468,-1.1036867,-0.114268176,0.26972906507504824,0.9667708425628968
ENSG00000142937,-1.1134251,-0.536495,0.2655258928834673,0.9585772306262356
ENSG00000128340,-1.1231636,-0.98437417,0.2613680491067858,0.9570105550415413
ENSG00000183826,-1.1361481,-0.6201734,0.25589459643962675,0.9407889574986277
ENSG00000153823,-1.1361481,-1.2069205,0.25589459643962675,0.9407889574986277
ENSG00000130255,-1.1653633,-0.40425843,0.24387196045323034,0.9202715488801144
ENSG00000008083,-1.1686095,-0.4389676,0.24256101842558653,0.918791736460555
ENSG00000188906,-1.2140554,-0.7810897,0.2247265791897899,0.8778381999601167
ENSG00000140368,-1.2173015,-28.056448,0.22348951917966542,0.8778381999601167
ENSG00000069849,-1.2400244,-0.5920045,0.21496634207345078,0.8598653682938031
ENSG00000172216,-1.2530091,-0.4519612,0.21020242290864366,0.8510219550957233
ENSG00000196154,-1.298455,-0.3779113,0.19413104847959628,0.812263801169859
ENSG00000135049,-1.3114395,-0.52733755,0.18970932252226214,0.8004612764652411
ENSG00000291237,-1.324424,-0.8703083,0.18536225321231115,0.7854332763233524
ENSG00000117091,-1.3276702,-0.95730746,0.18428708804602223,0.7842003746639244
ENSG00000101347,-1.3439009,-0.50166595,0.17898044484621067,0.7681564156489729
ENSG00000182899,-1.3601315,-0.40052715,0.1737882966909573,0.7622293714515671
ENSG00000087116,-1.3958391,-1.0741534,0.1627629629303584,0.7298787575352395
ENSG00000145592,-1.4088236,-0.23719873,0.1588873299916782,0.7189471945324806
ENSG00000171858,-1.4250543,-0.5341073,0.1541415044469343,0.7070711213162124
ENSG00000138964,-1.4250543,-1.2707298,0.1541415044469343,0.7070711213162124
ENSG00000118985,-1.4315466,-0.9535338,0.15227362768131525,0.7070711213162124
ENSG00000010610,-1.4347928,-1.3048196,0.15134617427519456,0.7070711213162124
ENSG00000197958,-1.4347928,-0.29280207,0.15134617427519456,0.7070711213162124
ENSG00000136250,-1.4477773,-0.5129336,0.1476793529925513,0.7065997750839775
ENSG00000147443,-1.4542695,-1.2256048,0.14587159192789792,0.7065997750839775
ENSG00000105835,-1.4607618,-0.78357065,0.14408081849041796,0.7062785220118528
ENSG00000140044,-1.4737464,-1.0282849,0.14054989442254115,0.6957915565472333
ENSG00000115232,-1.4802387,-0.9168405,0.13880957222873833,0.6905948867101409
ENSG00000166501,-1.4867309,-0.8159556,0.1370858945684309,0.6854294728421545
ENSG00000112531,-1.489977,-0.50694466,0.13623027019960618,0.6845742221085738
ENSG00000166441,-1.4932232,-0.30343503,0.13537877420817754,0.6837311828695835
ENSG00000115738,-1.4932232,-0.87047464,0.13537877420817754,0.6837311828695835
ENSG00000179104,-1.4964694,-1.1750646,0.13453139560398622,0.6837311828695835
ENSG00000122862,-1.4997154,-0.19969271,0.13368812336345343,0.6837311828695835
ENSG00000076770,-1.5094539,-28.418095,0.13118283409740367,0.6797038036134905
ENSG00000081320,-1.5321769,-0.5790316,0.1254788028930381,0.6569570832096235
ENSG00000147403,-1.5516536,-0.30213958,0.12074511604955446,0.6355006107871287
ENSG00000180509,-1.5581459,-28.488619,0.11919865764979799,0.6306807283058095
ENSG00000151726,-1.5613921,-0.554902,0.1184312710860985,0.6306807283058095
ENSG00000152818,-1.5711305,-0.47212437,0.11615234283333722,0.6306807283058095
ENSG00000100097,-1.584115,-0.40071747,0.11316754365299594,0.6306807283058095
ENSG00000183049,-1.6035918,-0.7425351,0.10880404645645655,0.6217374083226089
ENSG00000176463,-1.6100842,-1.0301292,0.10737949040832012,0.6171235080937938
ENSG00000019582,-1.6100842,-0.8709436,0.10737949040832012,0.6171235080937938
ENSG00000197766,-1.6230687,-1.0692827,0.10457472336014188,0.6151454315302464
ENSG00000115165,-1.6555301,-0.86213297,0.09781702473822257,0.5892591851700154
ENSG00000110876,-1.6652684,-2.3473306,0.0958592063040531,0.5845073555125189
ENSG00000197555,-1.6750069,-0.86813706,0.09393288164217958,0.5762753474980342
ENSG00000163694,-1.6879914,-0.8325612,0.09141287401624203,0.5677818261878387
ENSG00000149021,-1.6977298,-0.80935454,0.08955876265931158,0.563262658234664
ENSG00000108107,-1.7334373,-0.51753974,0.08301796324937784,0.5390776834375184
ENSG00000136280,-1.7431757,-1.4076198,0.08130291731478004,0.5313916164364708
ENSG00000059728,-1.7658987,-1.1481988,0.0774128408214384,0.516085605476256
ENSG00000142166,-1.7788832,-1.7153409,0.07525890042673233,0.5085060839644077
ENSG00000139132,-1.7853756,-0.87659,0.07420042159575978,0.5047647727602707
ENSG00000164104,-1.8048524,-1.1564248,0.07109778594669011,0.4971873143125183
ENSG00000144713,-1.8178369,-0.3968586,0.06908906113669086,0.4934932938335061
ENSG00000109320,-1.8340676,-1.5249017,0.06664395844404315,0.48292723510176194
ENSG00000007237,-1.8502983,-1.1445657,0.0642705677635745,0.4725777041439301
ENSG00000165168,-1.8762674,-1.0260878,0.060618571484784375,0.4523773991401819
ENSG00000204482,-1.9249594,-0.9750634,0.054234430447838794,0.42042194145611467
ENSG00000090376,-1.9411901,-0.78546846,0.052235218069440766,0.4145652227733394
ENSG00000136167,-1.9574208,-0.53556174,0.050298011283449594,0.4145652227733394
ENSG00000141298,-1.9704053,-0.7198926,0.04879192936858813,0.4134909268524418
ENSG00000111679,-1.9736515,-1.3883929,0.048421381410405515,0.4134909268524418
ENSG00000137154,-1.9996207,-0.49293542,0.045541245914639907,0.3925969475399992
ENSG00000196782,-2.0028667,-0.68554753,0.04519159233671812,0.3925969475399992
ENSG00000153814,-2.0126052,-1.2626162,0.04415618298683233,0.3873349384809854
ENSG00000233927,-2.0255897,-0.33574593,0.04280684624460926,0.3873349384809854
ENSG00000105193,-2.032082,-0.36835963,0.04214535621846192,0.3873349384809854
ENSG00000149781,-2.054805,-2.314685,0.03989784767263771,0.37997950164416866
ENSG00000085265,-2.077528,-1.5234566,0.03775286163159638,0.3701260944274155
ENSG00000167996,-2.0970047,-0.64897114,0.035993155896073305,0.35993155896073303
ENSG00000033327,-2.100251,-0.97944075,0.035706778109412585,0.35993155896073303
ENSG00000160255,-2.1099894,-1.1640118,0.034859278581579216,0.3557069243018287
ENSG00000197756,-2.2008812,-0.5326673,0.027744439848207948,0.2951536154064675
ENSG00000115268,-2.2268503,-0.7668924,0.025957284866558187,0.28524488864349656
ENSG00000142541,-2.337219,-0.60531795,0.01942780474861752,0.23128338986449426
ENSG00000169554,-2.3437111,-1.1274503,0.019092950133099505,0.23003554377228316
ENSG00000221983,-2.363188,-0.34957147,0.018118475554036024,0.22368488338316078
ENSG00000188641,-2.3988955,-0.87530184,0.01644460638275686,0.2108282869584213
ENSG00000186517,-2.408634,-1.8623965,0.016012350182248527,0.2079525997694614
ENSG00000125691,-2.4281108,-0.64407486,0.015177707728252518,0.20236943637670024
ENSG00000163131,-2.431357,-0.7915188,0.015042389581018624,0.20236943637670024
ENSG00000177575,-2.4703104,-0.8128249,0.013499580804443268,0.19013494090765168
ENSG00000103187,-2.4962797,-1.1878188,0.012550362137400866,0.18188930633914296
ENSG00000149806,-2.5060182,-0.43899605,0.012209938781000025,0.18121313214323947
ENSG00000172809,-2.551464,-0.45766836,0.01072714150597244,0.16503294624572984
ENSG00000059377,-2.59691,-0.93084735,0.009406659705687612,0.15172031783367115
ENSG00000183023,-2.7267554,-1.3502595,0.006396043513966114,0.11027661230976059
ENSG00000149177,-2.7462323,-1.482211,0.006028407786322001,0.1057615401109123
ENSG00000102265,-2.7722013,-1.5951488,0.005567859131968939,0.09942605592801676
ENSG00000081237,-2.7786937,-0.68195045,0.005457798171528832,0.09942605592801676
ENSG00000084070,-3.0124154,-1.0521586,0.0025917760215739658,0.05890400049031741
ENSG00000115919,-3.2201684,-1.9410374,0.0012811537356776036,0.04077961836150991
